NIM,Angkatan,Semester,IPK,SKS_Lulus,Mengulang,Absensi,Status_Pembayaran,Status_DO
20220001,2023,4,2.02,129,4,96,0,1
20220002,2021,6,2.58,47,1,77,0,0
20220003,2023,4,2.28,63,2,60,1,1
20220004,2023,5,1.83,47,2,80,0,1
20220005,2021,6,2.52,122,2,87,0,0
20220006,2021,4,1.98,87,3,75,0,1
20220007,2023,8,2.31,69,4,87,1,1
20220008,2022,5,1.99,97,0,81,0,1
20220009,2023,2,2.0,125,0,78,0,1
20220010,2023,8,2.2,94,2,60,1,1
20220011,2023,5,3.8,112,4,90,1,0
20220012,2023,7,1.8,101,1,93,1,0
20220013,2021,6,3.08,87,0,99,0,0
20220014,2023,3,2.08,43,2,65,0,1
20220015,2022,2,3.64,76,0,87,0,0
20220016,2021,8,1.99,47,0,62,0,1
20220017,2022,8,3.71,40,0,90,0,1
20220018,2022,4,3.02,131,2,75,0,0
20220019,2022,6,1.8,109,2,76,1,0
20220020,2022,3,3.59,86,3,86,0,1
20220021,2021,5,2.84,139,3,83,0,1
20220022,2021,3,2.33,114,3,79,1,1
20220023,2022,6,3.33,44,0,91,1,0
20220024,2022,6,3.65,89,4,94,0,1
20220025,2021,7,2.77,63,2,72,0,1
20220026,2021,7,2.43,86,3,79,1,0
20220027,2021,3,3.38,57,4,61,0,1
20220028,2023,5,3.16,123,3,63,1,1
20220029,2023,3,3.58,67,3,86,1,1
20220030,2023,6,3.19,116,4,84,0,1
20220031,2022,6,2.29,44,3,63,1,1
20220032,2023,4,3.66,69,0,91,0,0
20220033,2022,7,2.01,40,0,76,1,0
20220034,2022,4,2.34,125,0,60,1,1
20220035,2023,2,2.84,121,1,92,1,0
20220036,2022,6,2.93,85,3,89,0,1
20220037,2023,4,1.83,108,1,64,0,1
20220038,2023,3,3.36,70,2,71,0,1
20220039,2021,7,2.52,109,4,97,0,1
20220040,2023,7,2.61,130,2,91,0,0
20220041,2021,5,3.42,95,1,97,0,0
20220042,2023,3,2.56,128,0,76,1,0
20220043,2023,5,1.89,132,3,99,1,1
20220044,2021,4,2.15,67,3,91,0,1
20220045,2021,8,3.71,55,0,83,0,0
20220046,2023,2,1.94,93,3,71,0,1
20220047,2022,3,2.51,92,4,90,1,1
20220048,2021,3,2.81,51,4,78,0,1
20220049,2022,3,2.79,59,4,88,0,1
20220050,2022,5,1.81,121,2,80,0,1
20220051,2022,4,2.8,73,0,85,1,0
20220052,2021,3,2.57,92,4,87,1,0
20220053,2022,8,3.74,103,1,76,1,0
20220054,2021,3,2.12,62,4,68,1,1
20220055,2022,7,2.51,66,2,80,0,0
20220056,2023,2,2.64,56,1,93,0,0
20220057,2023,7,2.58,87,0,70,0,1
20220058,2021,7,3.13,60,0,79,1,0
20220059,2023,2,2.23,89,4,98,0,1
20220060,2023,8,2.24,79,1,75,1,0
20220061,2022,4,3.26,134,1,88,0,1
20220062,2021,7,2.8,42,4,60,0,1
20220063,2022,4,2.63,56,4,77,0,1
20220064,2022,7,2.14,100,3,81,0,1
20220065,2022,6,2.18,89,3,67,1,1
20220066,2022,2,1.82,129,4,66,1,1
20220067,2022,7,1.98,126,2,84,1,0
20220068,2022,6,2.91,45,3,89,0,1
20220069,2022,5,3.58,67,4,93,1,0
20220070,2021,6,2.37,111,1,70,0,1
20220071,2023,3,2.46,94,3,74,0,1
20220072,2022,7,2.03,97,2,94,0,1
20220073,2022,6,2.58,84,0,82,0,0
20220074,2022,4,1.87,111,1,80,0,1
20220075,2022,5,3.64,58,2,87,1,0
20220076,2022,8,3.15,68,2,72,1,0
20220077,2022,7,3.78,62,2,93,0,0
20220078,2023,3,3.57,71,1,97,0,0
20220079,2023,8,2.75,49,2,65,1,0
20220080,2022,6,2.84,130,0,63,0,1
20220081,2023,8,2.18,88,3,64,1,1
20220082,2021,8,2.72,104,1,99,0,0
20220083,2022,5,3.61,68,2,65,1,0
20220084,2021,8,1.9,98,4,80,0,1
20220085,2021,8,3.53,84,3,87,1,0
20220086,2022,7,2.48,106,1,62,0,1
20220087,2023,5,3.6,90,4,82,0,1
20220088,2021,3,3.68,134,4,67,0,1
20220089,2022,6,3.14,50,2,78,0,0
20220090,2021,5,3.13,125,1,70,0,1
20220091,2021,5,2.71,121,2,69,1,0
20220092,2021,2,3.47,138,0,87,0,1
20220093,2021,5,3.72,45,4,79,0,1
20220094,2023,2,3.35,106,0,87,0,0
20220095,2021,6,3.04,101,2,88,0,0
20220096,2021,8,3.01,44,3,67,1,1
20220097,2021,7,3.5,48,4,78,1,0
20220098,2023,7,2.88,67,3,80,1,1
20220099,2021,6,3.41,122,1,77,0,0
20220100,2021,6,2.82,131,4,68,0,1
20220101,2023,4,1.92,130,0,63,0,1
20220102,2023,8,2.57,116,3,84,0,1
20220103,2023,6,2.69,77,1,93,0,0
20220104,2021,5,2.08,82,4,68,1,1
20220105,2023,7,2.0,60,1,68,1,1
20220106,2023,3,2.87,130,0,77,1,0
20220107,2021,7,1.97,101,4,70,0,1
20220108,2023,2,2.41,85,1,72,1,0
20220109,2021,7,3.29,109,2,97,1,0
20220110,2022,4,3.73,77,4,68,0,1
20220111,2023,8,3.24,88,4,75,1,0
20220112,2022,6,3.79,114,4,63,0,1
20220113,2021,8,3.2,120,4,93,0,1
20220114,2023,6,2.39,78,2,66,0,1
20220115,2021,7,3.14,110,0,74,0,1
20220116,2022,3,3.2,69,2,97,0,0
20220117,2021,3,2.54,60,2,70,1,0
20220118,2023,4,1.84,40,1,91,0,1
20220119,2023,2,3.21,128,3,86,0,1
20220120,2022,7,1.84,71,3,89,1,1
20220121,2021,6,3.06,47,1,76,0,0
20220122,2023,7,2.13,108,2,95,0,1
20220123,2022,4,2.93,69,1,78,1,0
20220124,2023,5,2.81,47,4,66,1,1
20220125,2023,5,1.83,58,1,80,0,1
20220126,2021,4,2.53,98,1,87,1,0
20220127,2023,6,3.0,94,4,62,0,1
20220128,2021,8,3.5,69,3,73,1,1
20220129,2023,4,3.58,118,4,61,1,1
20220130,2022,6,2.77,75,0,88,0,1
20220131,2023,3,3.26,94,1,77,0,0
20220132,2021,4,2.43,83,1,96,0,0
20220133,2021,6,2.48,66,3,83,1,1
20220134,2022,4,2.19,116,2,71,1,1
20220135,2023,4,2.92,117,4,91,1,0
20220136,2023,8,2.43,93,2,77,0,0
20220137,2022,8,1.97,87,0,72,1,1
20220138,2023,6,3.17,69,4,63,0,1
20220139,2023,6,3.22,78,0,82,0,0
20220140,2021,2,2.52,52,0,69,1,1
20220141,2023,4,1.95,55,0,64,1,1
20220142,2023,5,2.65,83,4,99,1,0
20220143,2022,4,2.68,110,4,73,1,1
20220144,2022,4,3.14,66,3,93,1,1
20220145,2021,6,2.43,84,1,87,0,0
20220146,2023,4,3.17,74,2,67,1,0
20220147,2023,7,3.54,118,2,75,0,0
20220148,2023,4,2.27,67,0,90,1,0
20220149,2021,7,3.76,138,4,66,1,1
20220150,2021,8,2.57,46,4,62,0,1
20220151,2022,5,2.33,101,0,88,1,1
20220152,2021,6,2.64,90,1,95,1,0
20220153,2023,4,1.99,85,2,98,0,1
20220154,2023,7,2.05,59,3,63,0,1
20220155,2021,7,2.63,135,1,68,1,0
20220156,2023,8,3.32,77,4,76,1,0
20220157,2023,7,3.6,100,0,79,1,0
20220158,2021,3,3.13,71,2,73,0,1
20220159,2021,2,2.01,65,0,88,1,0
20220160,2023,5,3.14,97,4,72,1,1
20220161,2023,8,3.07,78,0,95,1,0
20220162,2023,8,3.41,59,2,76,0,0
20220163,2022,4,3.45,121,0,63,1,0
20220164,2022,3,3.54,89,2,79,0,0
20220165,2022,4,2.63,118,0,70,0,1
20220166,2021,4,3.2,91,0,81,0,0
20220167,2022,6,2.34,125,2,67,0,1
20220168,2021,6,3.8,61,0,87,0,1
20220169,2021,6,2.15,92,1,89,1,0
20220170,2022,3,1.82,124,3,92,0,1
20220171,2022,4,2.1,105,1,92,1,0
20220172,2022,2,3.35,82,3,95,1,0
20220173,2023,5,2.69,121,1,86,0,0
20220174,2022,6,2.7,62,3,79,0,1
20220175,2023,6,3.71,116,0,92,0,0
20220176,2021,8,3.64,103,2,84,0,0
20220177,2023,4,2.42,48,2,78,1,0
20220178,2022,4,2.22,46,4,80,1,1
20220179,2021,3,3.5,80,3,92,0,1
20220180,2021,3,3.61,93,4,62,0,1
20220181,2021,6,2.88,104,4,73,1,1
20220182,2023,4,3.06,41,3,74,1,1
20220183,2022,2,2.31,43,2,92,0,1
20220184,2021,5,3.4,117,3,81,1,0
20220185,2021,4,3.06,71,0,60,1,0
20220186,2021,8,2.81,139,4,90,1,0
20220187,2023,4,1.92,41,4,94,0,1
20220188,2023,7,3.63,103,3,79,0,1
20220189,2022,3,3.03,53,4,91,1,0
20220190,2023,8,2.19,59,2,71,0,1
20220191,2021,5,3.01,128,4,75,1,0
20220192,2022,6,3.15,88,3,67,1,1
20220193,2021,8,2.85,47,2,73,0,1
20220194,2021,4,3.24,131,2,77,0,0
20220195,2023,6,2.96,102,4,89,1,1
20220196,2022,4,3.7,85,3,92,0,1
20220197,2023,6,1.91,60,4,93,0,1
20220198,2023,5,2.01,126,0,93,0,1
20220199,2022,3,2.15,71,0,66,0,1
20220200,2021,5,3.18,47,2,65,1,0
20220201,2021,7,3.09,134,4,65,1,1
20220202,2022,2,3.58,55,0,81,0,0
20220203,2021,3,3.27,79,1,67,1,0
20220204,2022,5,2.82,66,0,96,0,0
20220205,2022,7,3.78,57,4,74,0,1
20220206,2023,2,2.33,74,4,85,0,1
20220207,2022,7,3.47,91,0,98,1,0
20220208,2023,4,2.65,54,4,62,1,1
20220209,2021,4,3.1,102,4,69,1,1
20220210,2021,6,3.25,92,1,62,0,1
20220211,2021,3,3.07,130,2,89,1,0
20220212,2021,4,2.08,120,4,81,1,1
20220213,2023,8,2.69,105,3,62,0,1
20220214,2021,7,2.92,70,2,60,0,1
20220215,2022,3,3.5,100,2,92,0,0
20220216,2022,8,2.69,103,3,78,0,1
20220217,2022,4,3.64,137,0,95,1,0
20220218,2023,6,2.68,73,1,93,1,0
20220219,2021,5,2.9,94,4,90,0,1
20220220,2021,6,3.39,98,0,83,0,0
20220221,2021,8,2.97,42,3,71,0,1
20220222,2023,2,3.72,56,1,72,0,1
20220223,2022,4,3.12,117,1,75,1,0
20220224,2022,8,2.85,117,1,75,0,0
20220225,2021,2,1.85,85,3,79,0,1
20220226,2022,2,2.63,77,0,86,1,0
20220227,2022,7,2.4,74,4,98,0,1
20220228,2023,3,3.3,40,1,72,0,1
20220229,2023,7,2.22,68,1,63,0,1
20220230,2023,4,2.21,43,0,91,0,1
20220231,2023,2,2.18,100,1,99,0,1
20220232,2021,8,2.05,136,1,93,1,0
20220233,2023,5,2.42,56,3,98,1,0
20220234,2022,2,3.57,67,2,76,1,0
20220235,2021,8,3.35,89,0,83,1,0
20220236,2022,5,3.27,129,0,88,0,0
20220237,2022,7,3.39,47,0,87,0,0
20220238,2022,7,2.34,73,3,81,0,1
20220239,2023,3,3.57,98,3,87,0,1
20220240,2023,8,2.07,57,4,84,0,1
20220241,2021,2,2.47,134,3,62,0,1
20220242,2021,6,2.97,98,0,72,1,1
20220243,2023,7,2.01,66,4,90,0,1
20220244,2022,7,3.26,55,2,72,0,1
20220245,2021,3,2.57,49,1,77,1,0
20220246,2023,5,3.37,115,1,96,1,0
20220247,2023,3,2.79,61,4,93,0,1
20220248,2023,2,2.16,55,2,76,1,0
20220249,2022,8,3.27,51,1,80,1,0
20220250,2023,4,2.3,114,4,95,0,1
20220251,2023,4,2.78,123,3,99,0,1
20220252,2023,8,1.95,90,0,78,1,0
20220253,2023,5,3.04,40,2,71,1,0
20220254,2021,7,3.13,66,1,87,1,0
20220255,2021,5,2.56,106,0,70,1,0
20220256,2023,7,3.71,51,4,96,1,0
20220257,2022,7,3.55,69,1,87,1,0
20220258,2021,4,3.22,48,0,94,0,0
20220259,2023,5,3.23,92,3,74,0,1
20220260,2021,3,2.3,100,2,75,1,0
20220261,2021,7,3.11,93,4,66,1,1
20220262,2022,6,2.2,76,1,62,0,1
20220263,2023,6,2.09,104,3,90,1,1
20220264,2023,3,3.8,81,2,71,0,1
20220265,2022,6,3.04,88,2,67,1,0
20220266,2022,2,2.66,43,3,84,1,0
20220267,2023,7,2.38,103,1,94,1,1
20220268,2023,3,3.01,118,2,71,1,0
20220269,2022,5,1.9,90,4,80,0,1
20220270,2021,7,1.99,130,0,85,0,1
20220271,2021,3,1.87,111,4,61,0,1
20220272,2022,4,2.8,99,2,73,0,1
20220273,2021,5,3.0,126,0,63,1,0
20220274,2022,4,1.92,118,3,76,0,1
20220275,2021,7,3.24,130,0,64,0,1
20220276,2021,5,2.26,70,0,83,0,1
20220277,2023,6,3.17,111,0,66,1,0
20220278,2023,3,3.76,133,2,82,1,0
20220279,2021,7,3.18,97,1,76,1,0
20220280,2021,2,3.57,121,2,71,1,0
20220281,2023,5,3.7,43,1,70,1,0
20220282,2023,5,2.77,61,3,70,0,1
20220283,2023,8,3.2,42,3,93,0,1
20220284,2022,7,3.5,118,3,96,0,1
20220285,2021,7,2.51,138,3,88,0,1
20220286,2023,4,2.32,86,3,95,1,1
20220287,2021,8,3.69,77,4,86,0,1
20220288,2022,6,3.25,72,2,81,1,0
20220289,2022,4,2.24,117,1,61,1,1
20220290,2023,8,2.7,87,3,95,0,1
20220291,2022,4,3.39,104,4,89,0,1
20220292,2021,6,2.89,65,4,66,0,1
20220293,2023,8,3.1,47,4,71,0,1
20220294,2021,8,3.31,89,2,62,0,1
20220295,2021,2,3.04,119,3,76,1,0
20220296,2022,4,2.88,77,4,91,0,1
20220297,2022,4,3.3,49,4,67,1,1
20220298,2022,5,3.26,81,3,82,1,0
20220299,2022,6,3.06,76,2,97,0,1
20220300,2022,3,2.52,65,4,89,1,0
20220301,2023,2,2.61,131,1,74,1,0
20220302,2021,8,3.74,51,0,69,1,0
20220303,2021,8,2.02,123,0,97,1,0
20220304,2021,8,2.34,88,0,74,1,1
20220305,2021,2,2.78,53,2,89,0,0
20220306,2022,8,3.47,85,4,85,0,1
20220307,2021,8,2.13,74,0,73,0,1
20220308,2023,6,2.35,68,0,62,1,1
20220309,2023,7,1.93,51,3,95,1,1
20220310,2021,7,3.21,121,4,85,0,1
20220311,2021,5,2.28,83,4,73,1,1
20220312,2023,5,2.58,105,3,90,1,0
20220313,2023,8,2.69,41,4,73,1,1
20220314,2022,6,3.58,98,1,99,1,0
20220315,2023,8,2.62,56,2,69,1,0
20220316,2022,5,2.09,49,3,68,0,1
20220317,2022,2,2.85,57,0,99,0,1
20220318,2022,2,3.73,61,4,77,1,0
20220319,2022,3,3.02,122,1,95,0,0
20220320,2022,7,3.77,97,1,95,0,0
20220321,2021,6,3.48,92,2,71,1,0
20220322,2023,4,1.87,40,1,99,0,1
20220323,2022,7,3.12,127,4,62,0,1
20220324,2023,4,2.37,100,4,77,1,1
20220325,2023,3,2.92,139,1,66,0,1
20220326,2022,3,2.36,128,4,90,1,1
20220327,2021,8,2.5,139,4,60,0,1
20220328,2022,5,3.65,70,0,90,0,0
20220329,2021,3,2.21,70,3,72,0,1
20220330,2023,3,3.55,105,4,88,0,1
20220331,2021,4,1.86,58,4,62,1,1
20220332,2021,5,1.98,92,2,88,1,1
20220333,2021,3,3.51,115,3,94,0,1
20220334,2023,7,3.06,113,3,74,1,1
20220335,2023,3,3.29,134,3,80,1,0
20220336,2021,5,2.22,61,1,78,0,1
20220337,2021,8,2.87,62,0,87,0,0
20220338,2022,6,3.27,126,0,63,1,0
20220339,2021,5,3.05,54,2,72,1,0
20220340,2022,4,2.74,65,3,74,1,1
20220341,2021,6,3.72,42,3,98,1,0
20220342,2022,7,3.15,126,4,91,0,1
20220343,2023,2,3.62,59,1,62,1,0
20220344,2021,5,3.26,79,1,89,1,0
20220345,2021,8,3.27,78,2,79,1,0
20220346,2021,4,1.96,111,0,61,0,1
20220347,2021,7,2.52,57,3,84,1,0
20220348,2022,6,3.52,80,2,70,1,0
20220349,2021,7,2.27,109,1,60,0,1
20220350,2023,5,2.03,66,1,69,0,1
20220351,2023,3,2.45,139,1,76,1,0
20220352,2021,8,2.24,54,3,89,0,1
20220353,2023,5,3.65,76,3,94,1,0
20220354,2021,2,3.54,97,3,78,1,0
20220355,2021,5,2.8,44,4,93,0,1
20220356,2023,6,1.92,112,0,91,0,1
20220357,2021,6,3.23,46,1,71,0,1
20220358,2023,5,3.05,80,1,76,1,0
20220359,2022,6,3.74,123,4,65,0,1
20220360,2021,3,2.92,49,1,72,1,0
20220361,2022,7,2.47,101,1,98,0,1
20220362,2023,5,2.84,65,3,81,1,1
20220363,2022,8,3.76,107,3,70,1,1
20220364,2022,3,3.19,63,0,66,0,1
20220365,2023,7,3.14,117,1,80,0,0
20220366,2022,8,2.28,80,2,60,1,1
20220367,2022,8,3.29,104,1,89,0,0
20220368,2023,8,3.3,56,1,78,0,0
20220369,2022,7,2.43,63,0,88,0,0
20220370,2023,3,2.77,66,2,94,0,0
20220371,2022,8,2.39,46,1,79,0,1
20220372,2023,8,2.32,112,2,95,0,1
20220373,2023,4,1.85,138,3,98,0,1
20220374,2022,5,2.37,51,3,60,1,1
20220375,2022,7,2.91,124,2,82,0,1
20220376,2022,7,1.8,42,1,90,1,0
20220377,2021,6,2.37,118,2,94,0,1
20220378,2021,7,3.56,124,2,81,1,0
20220379,2021,3,2.99,49,3,66,1,1
20220380,2023,7,3.02,72,2,92,0,0
20220381,2022,4,2.61,85,4,95,0,1
20220382,2023,5,3.15,98,4,66,0,1
20220383,2021,5,2.18,91,3,86,0,1
20220384,2022,7,3.44,45,1,61,1,0
20220385,2023,8,2.03,41,1,76,1,0
20220386,2022,2,3.11,68,3,60,0,1
20220387,2023,2,2.48,79,1,89,1,0
20220388,2022,8,3.3,136,0,81,0,0
20220389,2021,8,2.9,100,4,87,1,0
20220390,2021,8,2.7,107,0,92,0,0
20220391,2022,3,2.14,107,0,85,1,0
20220392,2023,2,3.07,68,0,94,0,1
20220393,2021,8,3.75,101,3,70,1,1
20220394,2021,3,3.45,99,0,66,0,1
20220395,2021,6,1.92,123,2,87,0,1
20220396,2022,3,2.55,80,1,84,1,0
20220397,2022,2,3.65,126,3,90,1,0
20220398,2023,7,2.81,121,2,62,1,0
20220399,2023,6,3.12,128,2,92,1,0
20220400,2023,2,3.63,104,4,93,1,0
20220401,2022,3,3.55,103,4,80,0,1
20220402,2022,4,2.8,118,2,96,1,0
20220403,2023,5,2.68,102,4,78,1,0
20220404,2023,2,2.48,137,1,96,1,0
20220405,2022,8,3.24,87,1,80,1,0
20220406,2023,3,2.37,59,4,73,0,1
20220407,2021,8,2.3,76,0,69,0,1
20220408,2022,8,2.51,103,2,66,0,1
20220409,2023,8,2.15,130,1,88,0,1
20220410,2022,8,3.19,125,4,99,1,0
20220411,2021,8,3.03,44,4,67,0,1
20220412,2022,6,2.77,73,1,98,0,0
20220413,2022,2,2.58,78,1,72,1,0
20220414,2022,2,3.62,106,0,78,1,0
20220415,2022,5,1.86,120,4,70,1,1
20220416,2021,3,3.34,101,4,61,1,1
20220417,2022,4,3.6,127,3,65,1,1
20220418,2022,6,2.69,63,0,88,1,0
20220419,2023,3,2.9,42,1,64,0,1
20220420,2022,6,3.69,110,1,89,0,0
20220421,2023,2,2.22,128,2,98,1,0
20220422,2021,8,2.84,106,1,95,0,0
20220423,2021,5,2.75,118,4,86,1,0
20220424,2021,5,2.32,132,1,77,1,0
20220425,2021,7,3.44,89,4,95,0,1
20220426,2023,4,3.6,68,4,75,0,1
20220427,2022,5,3.36,113,0,64,0,1
20220428,2021,8,2.19,71,1,68,0,1
20220429,2022,2,1.97,126,0,93,0,1
20220430,2023,4,3.01,78,4,93,1,0
20220431,2023,3,1.91,48,1,95,0,1
20220432,2023,8,3.15,53,1,90,0,0
20220433,2021,8,2.86,107,0,79,1,0
20220434,2022,5,3.13,103,0,76,0,0
20220435,2022,4,2.98,59,4,79,0,1
20220436,2022,2,2.65,67,4,87,0,1
20220437,2023,7,2.2,53,1,80,0,1
20220438,2021,6,2.41,83,1,78,0,0
20220439,2023,6,2.85,137,3,62,1,1
20220440,2023,2,3.1,116,3,89,0,1
20220441,2022,2,3.36,134,2,64,0,1
20220442,2023,6,3.33,136,4,65,1,1
20220443,2022,7,3.75,78,2,62,0,1
20220444,2021,4,2.37,67,2,83,1,0
20220445,2022,6,1.94,103,0,60,1,1
20220446,2021,2,2.49,128,0,95,1,0
20220447,2022,5,3.29,71,3,74,0,1
20220448,2023,3,2.68,48,2,97,0,0
20220449,2023,7,3.44,67,3,77,0,1
20220450,2021,8,2.9,134,4,82,0,1
20220451,2021,7,3.66,56,1,88,1,0
20220452,2021,5,3.7,126,0,81,1,0
20220453,2022,5,1.94,116,4,83,1,1
20220454,2022,8,2.71,94,4,72,0,1
20220455,2021,2,3.02,49,0,92,1,0
20220456,2023,6,2.31,119,0,81,0,1
20220457,2022,4,2.61,45,2,94,1,0
20220458,2022,7,3.16,87,3,76,1,0
20220459,2022,8,2.25,114,4,81,1,1
20220460,2021,7,3.0,106,2,64,0,1
20220461,2021,5,3.19,131,2,84,1,0
20220462,2021,6,1.98,80,4,65,1,1
20220463,2021,7,2.8,118,4,76,0,1
20220464,2021,4,2.33,99,1,90,1,0
20220465,2023,5,3.25,116,3,76,1,0
20220466,2023,4,2.18,81,4,92,0,1
20220467,2021,6,3.58,120,0,98,0,0
20220468,2022,7,2.66,110,1,96,0,0
20220469,2021,3,2.2,67,3,63,0,1
20220470,2023,7,2.68,52,0,73,1,0
20220471,2023,6,2.62,120,0,72,1,0
20220472,2022,7,2.66,54,3,86,0,1
20220473,2023,8,2.97,75,1,83,1,0
20220474,2021,7,2.84,131,0,86,1,0
20220475,2022,2,2.1,54,2,67,0,1
20220476,2021,7,1.93,114,3,98,1,1
20220477,2021,7,3.26,95,3,80,1,0
20220478,2022,4,2.92,134,4,70,1,1
20220479,2021,3,2.52,43,1,90,0,0
20220480,2023,4,3.42,138,2,86,1,0
20220481,2021,4,2.58,137,2,86,1,0
20220482,2022,5,3.39,91,4,67,1,1
20220483,2022,2,2.41,130,0,92,0,0
20220484,2022,4,1.95,49,0,71,0,1
20220485,2021,8,3.67,133,2,94,1,0
20220486,2022,6,2.59,84,1,93,1,0
20220487,2022,8,3.39,123,0,75,0,0
20220488,2021,6,2.36,68,3,95,0,1
20220489,2023,7,3.09,92,4,61,0,1
20220490,2021,5,3.55,68,1,71,0,1
20220491,2022,2,1.88,62,0,86,1,0
20220492,2022,8,3.46,96,2,76,0,0
20220493,2021,2,2.94,89,4,79,0,1
20220494,2023,8,3.01,60,0,80,0,0
20220495,2022,7,2.85,82,2,89,0,0
20220496,2022,6,3.55,49,0,79,1,0
20220497,2022,3,1.89,115,4,67,1,1
20220498,2021,5,2.32,69,3,77,1,1
20220499,2022,8,3.55,90,3,77,1,0
20220500,2023,8,3.3,72,2,77,0,0
20220501,2022,7,1.84,57,3,61,1,1
20220502,2022,5,2.83,117,4,71,1,1
20220503,2023,6,2.86,61,2,91,0,0
20220504,2022,6,2.6,103,0,67,1,0
20220505,2021,8,2.39,60,1,69,1,1
20220506,2021,3,3.16,40,0,70,1,0
20220507,2021,3,2.22,54,4,73,0,1
20220508,2023,2,3.4,75,2,85,0,0
20220509,2022,5,3.41,86,0,89,0,0
20220510,2021,5,2.63,93,2,63,1,0
20220511,2023,6,2.37,125,3,98,0,1
20220512,2022,2,2.37,71,1,70,0,1
20220513,2023,7,2.76,97,4,83,1,0
20220514,2021,5,3.24,85,0,81,0,0
20220515,2021,2,2.52,93,1,62,1,0
20220516,2021,2,3.02,72,4,96,1,1
20220517,2023,8,2.56,78,4,61,0,1
20220518,2023,6,2.41,62,3,71,1,1
20220519,2021,2,1.85,82,2,80,1,0
20220520,2023,3,1.81,94,2,64,1,1
20220521,2021,3,2.25,41,1,66,0,1
20220522,2021,4,2.61,105,3,63,1,1
20220523,2022,6,3.5,77,4,95,0,1
20220524,2023,8,3.4,68,3,81,0,1
20220525,2021,7,2.33,106,3,88,1,1
20220526,2021,4,2.29,110,1,68,1,1
20220527,2023,3,2.25,75,2,85,1,0
20220528,2022,8,2.48,68,3,71,1,1
20220529,2022,4,2.8,76,3,60,1,1
20220530,2021,6,2.68,139,3,67,0,1
20220531,2023,8,2.24,126,0,92,0,1
20220532,2022,6,2.06,84,3,63,1,1
20220533,2023,2,1.83,55,3,73,0,1
20220534,2023,5,2.11,70,4,88,0,1
20220535,2021,2,3.21,73,0,73,0,1
20220536,2022,6,2.29,89,3,68,1,1
20220537,2021,8,2.74,104,3,68,0,1
20220538,2022,3,2.98,121,1,85,0,0
20220539,2022,7,3.57,101,1,76,0,1
20220540,2022,3,3.58,82,0,63,1,0
20220541,2022,8,3.29,95,4,62,0,1
20220542,2022,2,1.87,54,0,88,1,0
20220543,2023,7,2.95,87,0,84,0,0
20220544,2021,8,3.37,88,1,80,1,0
20220545,2023,6,1.83,120,1,71,0,1
20220546,2022,3,2.9,83,4,60,1,1
20220547,2021,6,3.52,49,3,60,0,1
20220548,2022,7,2.75,59,4,66,1,1
20220549,2021,7,1.81,109,3,69,1,1
20220550,2023,3,1.82,47,2,74,0,1
20220551,2021,6,2.63,84,1,99,0,0
20220552,2021,4,2.11,73,2,70,1,1
20220553,2021,6,3.13,135,2,82,1,0
20220554,2021,7,3.22,90,1,72,0,1
20220555,2021,6,2.16,43,2,86,1,0
20220556,2022,8,3.58,78,0,76,0,0
20220557,2021,2,2.68,123,3,72,0,1
20220558,2021,4,2.09,63,4,71,1,1
20220559,2023,5,3.33,127,1,88,0,0
20220560,2021,8,3.38,94,0,80,1,0
20220561,2023,2,3.08,65,4,79,0,1
20220562,2022,5,3.51,64,4,79,0,1
20220563,2021,3,3.27,75,4,90,0,1
20220564,2023,5,3.56,110,2,67,0,1
20220565,2023,8,2.67,113,2,83,0,1
20220566,2022,6,3.3,97,2,70,0,1
20220567,2021,8,3.8,51,2,98,0,0
20220568,2021,5,3.25,40,0,92,0,0
20220569,2023,7,2.03,89,2,74,0,1
20220570,2021,2,2.84,64,1,63,0,1
20220571,2023,2,2.97,119,4,60,0,1
20220572,2021,5,2.15,44,0,91,0,1
20220573,2023,2,3.73,122,2,70,1,0
20220574,2021,7,2.15,107,4,89,1,1
20220575,2022,8,2.16,45,0,96,0,1
20220576,2021,2,3.63,65,4,78,0,1
20220577,2021,5,2.73,94,0,95,1,0
20220578,2022,4,1.93,78,3,93,0,1
20220579,2021,4,3.0,48,0,66,0,1
20220580,2022,3,3.0,84,2,79,0,0
20220581,2021,2,1.93,53,4,71,1,1
20220582,2023,8,3.75,94,4,91,0,1
20220583,2023,5,2.89,48,4,61,1,1
20220584,2021,2,2.92,54,1,81,1,0
20220585,2021,6,2.84,76,1,99,0,1
20220586,2021,7,3.02,89,2,83,1,0
20220587,2023,2,2.33,123,3,90,1,1
20220588,2021,2,2.37,111,1,63,1,1
20220589,2023,4,2.82,135,0,83,0,0
20220590,2022,7,3.41,60,2,76,0,1
20220591,2023,5,1.9,96,3,99,1,1
20220592,2023,2,3.01,58,0,78,0,0
20220593,2022,4,3.41,132,4,99,1,0
20220594,2023,3,2.11,97,1,97,0,1
20220595,2021,7,1.83,134,0,93,0,1
20220596,2021,4,2.43,45,3,92,1,0
20220597,2023,4,2.98,43,2,65,0,1
20220598,2021,8,2.08,82,0,95,1,0
20220599,2023,4,2.65,132,2,72,0,1
20220600,2021,8,2.9,81,4,68,1,1
20220601,2021,2,3.0,42,3,94,0,1
20220602,2023,2,2.35,40,3,93,1,1
20220603,2021,3,2.6,94,1,75,0,0
20220604,2023,6,3.36,54,3,77,0,1
20220605,2021,6,3.68,86,0,77,1,0
20220606,2021,6,3.52,124,0,97,0,0
20220607,2022,8,2.93,85,0,91,1,0
20220608,2022,7,2.62,97,4,66,0,1
20220609,2023,7,2.47,134,3,82,1,0
20220610,2022,3,2.05,110,3,82,1,1
20220611,2023,7,2.01,120,0,77,1,0
20220612,2022,6,3.18,122,1,66,1,0
20220613,2021,6,2.32,78,1,99,1,0
20220614,2023,4,2.31,42,3,83,1,1
20220615,2023,7,3.8,69,3,73,1,1
20220616,2021,2,2.18,74,2,64,1,1
20220617,2023,2,2.1,96,3,81,0,1
20220618,2023,4,2.0,68,0,81,0,1
20220619,2022,4,2.96,89,4,69,0,1
20220620,2023,4,3.06,101,3,85,0,1
20220621,2021,2,2.53,91,3,74,1,1
20220622,2022,6,2.87,53,0,97,1,0
20220623,2022,4,3.38,74,2,60,0,1
20220624,2021,3,3.44,67,3,73,0,1
20220625,2021,8,3.72,97,1,95,1,0
20220626,2022,4,3.45,69,1,90,0,1
20220627,2023,8,2.93,129,1,87,1,0
20220628,2022,5,2.16,46,4,93,0,1
20220629,2021,4,2.0,78,4,94,1,1
20220630,2022,2,1.91,134,3,98,1,1
20220631,2021,7,3.13,108,3,82,0,1
20220632,2022,4,3.42,74,3,78,0,1
20220633,2023,7,2.82,91,4,77,1,0
20220634,2022,5,1.91,53,3,74,0,1
20220635,2022,3,2.87,102,0,60,0,1
20220636,2021,7,3.67,75,2,84,1,0
20220637,2021,8,3.0,130,1,85,0,0
20220638,2021,6,3.42,63,1,94,0,0
20220639,2022,4,3.4,79,0,74,1,0
20220640,2023,5,3.66,68,3,63,1,1
20220641,2021,5,3.34,92,4,74,1,1
20220642,2021,7,3.3,61,3,97,0,1
20220643,2022,3,2.27,111,3,98,1,1
20220644,2021,2,1.92,54,1,60,0,1
20220645,2023,4,2.84,108,1,81,0,0
20220646,2023,5,2.05,103,4,70,0,1
20220647,2021,3,3.72,43,1,97,0,0
20220648,2021,6,2.38,114,3,96,1,1
20220649,2022,5,3.51,57,0,85,0,0
20220650,2023,3,2.58,81,4,86,0,1
20220651,2023,2,2.45,69,0,72,0,1
20220652,2021,2,3.67,54,3,66,1,1
20220653,2022,5,2.53,109,4,67,1,1
20220654,2023,8,2.58,94,0,82,1,0
20220655,2023,5,2.01,92,4,85,0,1
20220656,2022,7,3.14,55,3,86,0,1
20220657,2022,4,2.38,112,4,68,1,1
20220658,2023,3,2.97,73,3,97,1,0
20220659,2023,5,2.98,66,4,72,0,1
20220660,2022,4,3.24,52,4,66,1,1
20220661,2023,7,3.29,139,1,70,0,1
20220662,2021,4,2.83,66,3,69,1,1
20220663,2021,5,2.46,112,2,92,0,0
20220664,2022,2,3.47,108,4,98,0,1
20220665,2022,3,2.42,125,0,62,0,1
20220666,2022,3,2.82,70,1,88,1,0
20220667,2021,2,2.6,42,1,96,1,0
20220668,2023,8,3.51,69,4,75,0,1
20220669,2021,5,2.66,60,2,75,1,0
20220670,2023,3,2.57,138,1,66,0,1
20220671,2021,5,3.18,45,3,74,1,1
20220672,2023,7,3.0,131,4,97,1,0
20220673,2021,5,2.01,71,4,65,0,1
20220674,2022,4,2.82,81,2,77,1,0
20220675,2021,2,3.27,101,3,78,1,0
20220676,2023,8,3.78,128,3,61,0,1
20220677,2021,5,3.06,71,2,62,0,1
20220678,2021,8,2.54,138,0,84,0,0
20220679,2021,8,2.25,125,3,95,0,1
20220680,2022,7,3.55,127,0,87,1,0
20220681,2021,6,3.43,78,0,97,1,0
20220682,2022,2,2.27,103,4,87,0,1
20220683,2022,8,2.2,69,4,91,1,1
20220684,2021,3,3.23,102,1,95,0,0
20220685,2021,4,2.43,135,4,98,0,1
20220686,2021,3,2.41,70,3,95,0,1
20220687,2023,7,2.1,126,3,82,1,1
20220688,2021,7,2.33,79,0,61,1,1
20220689,2022,3,2.66,72,3,69,1,1
20220690,2021,2,3.27,102,4,65,0,1
20220691,2023,3,2.47,64,4,67,0,1
20220692,2021,5,2.46,75,4,74,1,1
20220693,2023,3,2.37,63,2,88,1,0
20220694,2023,4,2.76,134,3,87,1,0
20220695,2021,4,2.16,97,1,81,1,0
20220696,2022,6,2.77,78,3,93,0,1
20220697,2023,4,3.21,85,3,79,1,0
20220698,2021,3,1.86,116,2,92,1,0
20220699,2021,4,1.82,49,3,74,0,1
20220700,2022,2,1.95,126,0,66,1,1
20220701,2023,8,2.87,121,4,83,1,0
20220702,2023,4,3.51,71,4,85,1,0
20220703,2021,5,1.81,136,2,69,0,1
20220704,2021,2,3.67,75,4,74,0,1
20220705,2022,6,2.01,67,0,96,1,0
20220706,2022,5,3.48,55,2,83,0,0
20220707,2023,3,2.77,55,1,70,1,0
20220708,2023,8,3.12,57,4,99,1,0
20220709,2021,3,2.82,47,3,80,0,1
20220710,2023,8,2.75,119,0,99,1,0
20220711,2022,8,3.47,114,0,97,0,0
20220712,2022,3,3.31,109,4,74,0,1
20220713,2021,5,2.77,40,1,74,0,1
20220714,2022,5,2.02,101,3,96,1,1
20220715,2022,8,2.03,115,1,73,1,1
20220716,2022,5,3.4,77,1,80,1,0
20220717,2022,8,2.86,131,4,79,1,0
20220718,2021,8,2.76,84,3,92,0,1
20220719,2021,2,3.16,97,4,62,1,1
20220720,2023,7,3.52,120,4,99,1,1
20220721,2022,2,3.06,40,0,82,0,0
20220722,2023,3,3.33,71,4,82,0,1
20220723,2021,7,3.33,47,2,86,1,0
20220724,2021,4,2.51,79,3,94,0,1
20220725,2021,3,2.35,95,0,84,1,0
20220726,2021,6,3.4,102,3,91,1,1
20220727,2021,2,2.55,127,0,81,0,0
20220728,2021,5,3.61,113,2,67,0,1
20220729,2021,2,1.94,113,4,97,1,1
20220730,2022,5,1.92,75,0,77,1,0
20220731,2023,7,3.65,128,0,87,1,0
20220732,2021,6,3.1,96,0,87,1,0
20220733,2022,7,2.56,113,2,70,1,0
20220734,2022,6,3.31,122,3,71,0,1
20220735,2023,2,3.14,84,2,61,1,0
20220736,2021,5,2.86,118,0,96,0,0
20220737,2023,7,2.0,119,0,63,0,1
20220738,2021,6,3.42,41,4,93,0,1
20220739,2022,8,3.53,132,2,82,1,0
20220740,2022,3,2.14,107,2,72,1,1
20220741,2022,3,3.5,89,1,66,0,1
20220742,2022,7,3.56,68,3,91,0,1
20220743,2023,5,2.9,134,1,82,0,0
20220744,2021,8,3.11,120,1,67,0,1
20220745,2021,7,2.56,49,3,96,0,1
20220746,2023,2,2.36,66,4,93,1,1
20220747,2021,6,3.24,54,4,88,0,1
20220748,2022,2,3.52,99,3,96,1,0
20220749,2021,3,3.11,70,3,82,0,1
20220750,2022,6,2.82,60,2,97,0,0
20220751,2023,7,2.12,99,2,88,1,0
20220752,2021,2,1.91,97,2,64,1,1
20220753,2023,4,2.69,80,2,99,0,0
20220754,2021,5,1.9,85,0,70,1,1
20220755,2022,8,2.94,84,0,73,1,0
20220756,2023,8,2.57,65,4,61,0,1
20220757,2021,5,3.31,90,0,94,0,0
20220758,2022,4,2.41,75,0,94,0,0
20220759,2023,3,2.99,91,2,87,1,0
20220760,2023,6,2.88,120,2,67,0,1
20220761,2021,5,1.81,90,3,91,0,1
20220762,2021,4,1.94,42,2,63,1,1
20220763,2021,7,2.38,53,3,66,0,1
20220764,2022,8,3.56,88,3,98,1,0
20220765,2021,4,2.09,116,0,86,1,0
20220766,2023,3,3.22,130,2,96,0,0
20220767,2023,3,3.75,40,0,76,1,0
20220768,2021,2,3.38,96,2,69,1,0
20220769,2021,5,2.29,56,0,63,0,1
20220770,2023,2,3.62,89,0,82,1,0
20220771,2022,8,1.99,137,0,73,0,1
20220772,2021,4,2.74,53,4,64,0,1
20220773,2021,6,3.58,98,0,61,0,1
20220774,2023,6,3.08,120,1,83,0,0
20220775,2021,3,2.63,42,1,77,0,0
20220776,2022,6,2.39,137,1,86,1,1
20220777,2023,6,2.55,79,3,83,1,0
20220778,2021,8,2.82,128,0,88,1,0
20220779,2023,6,2.44,105,1,70,0,1
20220780,2021,4,3.74,73,3,77,0,1
20220781,2021,6,3.67,129,1,63,0,1
20220782,2021,7,3.54,134,2,92,0,0
20220783,2022,6,2.64,48,4,73,1,1
20220784,2022,6,3.18,133,0,91,1,0
20220785,2023,2,3.61,123,4,63,0,1
20220786,2021,4,3.5,60,4,79,0,1
20220787,2021,3,2.63,132,2,80,0,1
20220788,2022,2,2.02,64,2,62,1,1
20220789,2021,5,1.95,83,2,84,1,0
20220790,2022,4,2.95,64,3,63,0,1
20220791,2021,7,3.09,48,1,70,0,1
20220792,2023,4,3.5,101,0,75,1,0
20220793,2021,5,2.39,65,2,95,1,0
20220794,2021,5,2.13,96,0,65,0,1
20220795,2022,5,2.56,76,0,90,0,0
20220796,2021,8,2.51,55,0,99,0,0
20220797,2021,3,2.06,76,2,72,1,1
20220798,2022,6,3.14,115,2,82,0,0
20220799,2023,4,2.82,63,1,63,1,0
20220800,2023,8,3.24,65,2,96,0,0
20220801,2022,6,2.51,59,2,96,0,0
20220802,2022,6,2.45,48,0,92,0,0
20220803,2022,7,2.75,126,1,88,1,0
20220804,2022,5,3.55,68,4,96,0,1
20220805,2022,3,1.88,70,2,78,1,1
20220806,2023,7,3.41,58,2,79,0,0
20220807,2023,2,2.54,59,4,91,1,0
20220808,2022,8,3.51,126,0,75,0,0
20220809,2021,8,3.4,66,1,64,1,0
20220810,2022,3,2.5,133,0,71,0,1
20220811,2021,6,3.19,124,3,80,1,0
20220812,2022,8,2.12,83,2,73,1,1
20220813,2022,3,3.59,74,3,96,0,1
20220814,2023,8,2.61,110,2,81,1,0
20220815,2021,8,2.71,61,3,89,1,0
20220816,2021,5,3.21,113,4,82,0,1
20220817,2023,2,3.44,126,2,64,1,0
20220818,2023,5,2.27,54,2,88,0,1
20220819,2023,2,3.12,133,3,89,0,1
20220820,2023,8,2.58,137,1,77,1,0
20220821,2021,7,2.54,52,3,60,1,1
20220822,2021,6,3.18,43,2,98,1,0
20220823,2022,8,2.57,121,2,76,1,0
20220824,2022,2,2.49,95,1,62,1,0
20220825,2023,2,3.47,62,0,66,0,1
20220826,2023,2,2.0,136,1,86,0,1
20220827,2023,8,3.15,137,0,87,1,0
20220828,2022,3,2.3,73,2,90,1,0
20220829,2022,7,1.83,139,4,74,1,1
20220830,2022,3,2.13,138,4,67,1,1
20220831,2022,6,3.01,56,3,65,1,1
20220832,2022,8,3.22,67,1,87,0,0
20220833,2022,2,1.84,53,1,63,0,1
20220834,2022,7,1.87,73,4,89,0,1
20220835,2023,7,3.61,114,0,76,1,0
20220836,2023,4,1.95,96,1,93,1,0
20220837,2023,6,3.59,116,0,65,1,0
20220838,2023,7,2.26,136,0,95,0,1
20220839,2022,8,3.28,94,0,94,0,0
20220840,2021,2,2.42,105,0,98,0,0
20220841,2022,2,3.52,137,3,98,0,1
20220842,2021,7,3.2,132,3,75,1,0
20220843,2023,3,2.6,76,4,61,1,1
20220844,2022,6,1.95,107,3,67,1,1
20220845,2023,2,3.27,115,1,74,1,0
20220846,2022,7,3.03,65,3,86,1,0
20220847,2023,2,1.81,100,1,75,1,0
20220848,2021,7,1.82,131,1,60,0,1
20220849,2021,6,3.42,106,0,69,1,0
20220850,2021,7,2.32,123,4,66,1,1
20220851,2022,4,3.07,113,0,69,1,0
20220852,2021,7,2.71,91,0,71,1,0
20220853,2022,7,3.53,57,3,76,1,0
20220854,2021,8,3.63,92,3,71,1,1
20220855,2021,6,3.79,102,1,74,1,0
20220856,2022,8,2.11,92,3,91,1,1
20220857,2022,7,3.53,66,3,91,0,1
20220858,2021,6,2.33,70,2,85,0,1
20220859,2022,4,2.98,130,1,73,0,1
20220860,2021,6,2.81,40,1,85,1,0
20220861,2022,2,1.84,45,2,64,0,1
20220862,2023,8,3.67,50,1,97,1,0
20220863,2023,6,1.96,73,4,63,0,1
20220864,2023,4,3.18,123,4,87,0,1
20220865,2023,5,3.37,102,2,60,1,0
20220866,2023,7,3.39,92,3,72,1,1
20220867,2021,6,2.07,124,4,62,1,1
20220868,2023,7,2.7,124,2,84,1,0
20220869,2023,3,3.46,57,4,75,0,1
20220870,2023,2,2.41,60,0,80,0,0
20220871,2023,8,2.74,58,2,72,1,0
20220872,2022,2,2.35,43,1,95,0,1
20220873,2021,3,2.73,116,4,67,0,1
20220874,2023,3,3.58,121,1,78,0,0
20220875,2023,8,2.71,68,2,75,1,0
20220876,2023,6,2.91,64,4,71,1,1
20220877,2021,3,2.61,95,1,79,1,0
20220878,2022,5,2.72,116,3,77,0,1
20220879,2021,7,1.83,102,3,71,1,1
20220880,2022,7,2.37,66,0,84,1,0
20220881,2023,4,2.67,99,2,70,0,1
20220882,2023,3,3.07,122,1,81,1,0
20220883,2021,3,2.7,88,0,93,1,0
20220884,2021,5,2.48,104,2,72,1,0
20220885,2022,2,2.58,77,3,97,0,1
20220886,2022,2,2.28,122,1,71,1,1
20220887,2021,7,3.65,91,4,98,0,1
20220888,2022,7,2.84,40,3,95,0,1
20220889,2021,6,1.83,79,4,87,0,1
20220890,2022,8,1.84,120,4,86,0,1
20220891,2021,5,3.75,60,1,98,0,0
20220892,2021,8,2.24,125,1,72,0,1
20220893,2021,8,3.41,54,4,99,1,1
20220894,2022,4,1.92,89,0,86,1,0
20220895,2022,8,3.64,87,4,90,0,1
20220896,2022,4,3.55,71,4,61,0,1
20220897,2021,8,2.94,88,1,77,1,0
20220898,2022,5,1.82,107,2,85,1,0
20220899,2022,4,2.32,84,3,90,1,1
20220900,2021,2,2.61,71,1,97,0,0
20220901,2023,4,2.72,43,0,81,0,0
20220902,2021,4,2.4,104,3,95,1,0
20220903,2022,5,1.87,136,1,78,0,1
20220904,2021,5,2.98,110,1,73,0,1
20220905,2023,4,2.85,112,2,73,0,1
20220906,2021,3,2.37,104,0,88,0,1
20220907,2022,5,1.88,119,0,76,1,0
20220908,2023,6,3.79,57,1,96,0,1
20220909,2022,6,2.76,93,2,68,0,1
20220910,2023,2,3.31,86,1,60,0,1
20220911,2023,8,2.7,45,4,63,0,1
20220912,2021,4,1.89,105,4,66,1,1
20220913,2021,3,2.42,48,2,70,0,1
20220914,2022,2,2.44,107,1,73,0,1
20220915,2021,4,3.48,62,2,78,1,0
20220916,2021,5,3.11,82,1,99,0,0
20220917,2023,6,2.35,90,1,62,0,1
20220918,2021,7,3.74,111,4,67,0,1
20220919,2023,3,2.44,64,3,88,0,1
20220920,2023,7,3.8,119,0,96,1,0
20220921,2023,6,3.79,74,0,68,1,0
20220922,2022,8,2.18,56,2,78,1,0
20220923,2022,8,2.43,57,0,71,0,1
20220924,2022,7,2.77,66,4,86,0,1
20220925,2023,5,3.13,54,3,96,1,0
20220926,2022,4,2.86,120,1,84,1,0
20220927,2022,5,3.74,108,1,97,0,0
20220928,2021,7,3.25,119,4,76,0,1
20220929,2022,5,2.22,54,0,92,0,1
20220930,2022,6,2.01,81,1,98,0,1
20220931,2023,3,3.18,73,0,73,0,1
20220932,2023,5,2.12,87,4,87,0,1
20220933,2023,6,3.38,122,1,77,0,0
20220934,2023,3,2.42,47,2,92,0,0
20220935,2023,8,2.45,49,3,74,0,1
20220936,2023,4,1.82,44,0,70,0,1
20220937,2022,7,3.2,87,0,95,1,0
20220938,2023,8,2.03,65,0,74,0,1
20220939,2023,4,3.35,125,0,89,0,0
20220940,2021,8,2.78,62,4,74,0,1
20220941,2022,2,3.37,101,4,82,1,0
20220942,2022,8,2.97,52,4,74,0,1
20220943,2022,6,1.96,48,4,88,1,1
20220944,2023,3,3.33,59,1,70,0,1
20220945,2023,8,1.94,131,4,77,1,1
20220946,2023,5,2.76,96,1,99,1,0
20220947,2021,4,2.14,63,2,90,0,1
20220948,2023,8,3.3,72,4,68,1,1
20220949,2021,3,3.62,59,2,81,1,0
20220950,2022,6,2.91,99,4,70,0,1
20220951,2023,2,2.85,87,2,76,0,0
20220952,2021,4,3.33,103,3,92,0,1
20220953,2021,7,1.81,69,2,70,0,1
20220954,2023,3,3.64,112,1,98,0,0
20220955,2022,7,2.19,56,0,67,0,1
20220956,2022,3,3.77,139,2,63,1,0
20220957,2022,3,3.27,53,0,95,1,0
20220958,2021,6,3.35,58,3,78,0,1
20220959,2021,6,3.11,110,3,83,0,1
20220960,2021,6,2.74,98,1,77,0,0
20220961,2021,8,2.94,106,1,92,0,0
20220962,2022,5,1.89,136,2,95,1,0
20220963,2023,3,3.05,83,4,69,1,1
20220964,2021,4,3.05,71,3,73,0,1
20220965,2021,7,3.58,50,0,66,1,0
20220966,2022,6,2.81,41,4,71,1,1
20220967,2023,8,1.95,129,3,81,0,1
20220968,2023,6,2.41,107,2,86,0,0
20220969,2022,7,3.11,56,3,96,1,0
20220970,2022,7,2.28,120,1,70,0,1
20220971,2023,3,2.36,131,0,95,0,1
20220972,2021,6,3.44,133,0,72,0,1
20220973,2023,7,2.97,79,1,91,1,0
20220974,2022,5,2.82,126,4,67,1,1
20220975,2021,5,2.44,85,1,66,1,0
20220976,2021,6,3.26,127,0,76,1,0
20220977,2022,8,2.38,132,2,81,0,1
20220978,2022,7,3.27,43,4,93,0,1
20220979,2022,3,1.94,77,3,79,1,1
20220980,2023,3,3.53,102,2,67,1,0
20220981,2023,8,2.8,68,4,81,0,1
20220982,2021,3,2.68,58,0,86,1,0
20220983,2022,2,3.02,130,0,93,1,0
20220984,2021,6,3.05,68,2,80,1,0
20220985,2021,3,2.06,139,4,74,1,1
20220986,2021,5,3.31,74,3,64,1,1
20220987,2021,7,2.35,109,3,97,1,1
20220988,2022,4,3.61,62,1,76,1,0
20220989,2021,8,3.44,85,2,67,0,1
20220990,2022,4,2.49,83,4,78,0,1
20220991,2022,3,3.42,87,2,64,0,1
20220992,2023,4,2.51,91,3,82,1,0
20220993,2022,4,2.0,47,4,78,0,1
20220994,2023,2,3.72,94,0,73,0,1
20220995,2022,5,3.11,105,0,69,0,1
20220996,2022,8,2.71,116,4,90,0,1
20220997,2022,5,2.6,79,2,72,1,0
20220998,2023,2,2.45,124,2,81,0,0
20220999,2023,2,3.76,70,0,96,0,1
20221000,2021,4,2.07,87,0,98,0,1
20221001,2023,6,2.43,139,3,69,0,1
20221002,2023,7,2.77,100,4,90,1,0
20221003,2023,7,2.76,91,2,94,1,0
20221004,2023,4,2.74,77,3,72,0,1
20221005,2021,7,2.15,130,2,89,0,1
20221006,2023,2,2.09,75,0,93,0,1
20221007,2022,5,2.31,126,4,95,0,1
20221008,2022,7,3.63,94,1,94,1,0
20221009,2023,8,2.03,124,4,63,1,1
20221010,2023,4,3.31,52,1,63,0,1
20221011,2022,6,3.32,76,3,65,1,1
20221012,2022,4,3.42,86,1,87,1,0
20221013,2021,3,3.57,129,1,89,0,1
20221014,2022,4,2.33,110,3,86,0,1
20221015,2022,2,2.25,61,4,64,1,1
20221016,2023,5,2.73,78,3,98,1,0
20221017,2022,5,2.33,126,0,94,1,0
20221018,2021,8,3.27,97,0,98,0,0
20221019,2022,7,3.07,69,1,74,0,1
20221020,2023,2,3.55,57,3,78,0,1
20221021,2023,3,1.97,57,3,89,0,1
20221022,2022,2,3.63,113,3,97,1,0
20221023,2023,4,2.39,78,4,91,0,1
20221024,2021,2,2.78,133,2,99,1,0
20221025,2021,2,2.68,65,2,88,1,0
20221026,2022,8,3.32,110,2,65,1,0
20221027,2022,3,2.64,46,4,85,1,0
20221028,2022,4,3.69,108,3,86,0,1
20221029,2023,6,3.61,104,2,94,1,0
20221030,2021,8,3.54,85,3,87,1,0
20221031,2021,6,1.94,57,1,64,0,1
20221032,2023,8,3.51,52,2,75,1,0
20221033,2021,5,3.36,64,1,77,0,0
20221034,2022,8,2.01,47,4,72,0,1
20221035,2022,7,2.01,113,0,84,0,1
20221036,2022,2,2.0,71,4,69,0,1
20221037,2021,5,1.82,56,4,88,1,1
20221038,2022,3,2.9,118,4,69,0,1
20221039,2023,6,3.75,118,2,65,1,0
20221040,2023,8,2.68,87,1,75,1,0
20221041,2021,2,2.88,102,2,84,0,0
20221042,2023,3,3.74,79,0,63,1,0
20221043,2023,7,2.31,123,4,96,1,1
20221044,2021,3,3.52,54,3,93,1,0
20221045,2022,2,2.89,138,0,78,0,0
20221046,2022,7,2.94,45,1,92,1,0
20221047,2022,3,2.49,133,0,63,0,1
20221048,2021,7,2.92,102,2,93,0,0
20221049,2023,8,1.95,47,3,71,0,1
20221050,2022,8,3.33,134,2,90,1,0
20221051,2022,2,2.37,71,4,75,1,1
20221052,2021,2,3.58,84,4,61,1,1
20221053,2022,7,2.54,91,0,61,0,1
20221054,2021,4,2.09,118,4,95,1,1
20221055,2023,5,3.19,121,4,65,0,1
20221056,2021,3,2.13,52,1,82,0,1
20221057,2021,3,3.31,63,1,98,1,0
20221058,2021,4,3.74,79,2,96,1,0
20221059,2021,4,3.36,53,2,75,0,1
20221060,2023,4,1.84,131,1,78,0,1
20221061,2023,6,3.0,114,0,83,1,0
20221062,2022,6,3.19,109,1,86,1,0
20221063,2023,7,3.45,101,2,66,1,0
20221064,2023,6,1.91,128,3,89,0,1
20221065,2022,8,2.76,100,4,73,1,1
20221066,2023,8,2.87,40,3,74,1,1
20221067,2021,2,2.14,128,3,71,0,1
20221068,2021,7,2.44,105,4,88,0,1
20221069,2022,3,2.68,71,1,82,1,0
20221070,2022,5,3.47,52,0,72,1,1
20221071,2022,2,3.66,72,3,68,1,1
20221072,2021,3,3.06,71,0,83,0,0
20221073,2023,3,2.59,95,2,98,1,0
20221074,2021,7,2.31,63,3,89,0,1
20221075,2022,4,3.76,130,2,60,1,0
20221076,2023,4,3.77,43,1,69,0,1
20221077,2023,2,3.65,127,3,97,1,0
20221078,2021,4,3.37,62,2,74,1,0
20221079,2022,3,2.45,68,2,68,1,0
20221080,2021,4,3.43,137,1,72,0,1
20221081,2023,6,2.62,60,0,82,0,0
20221082,2021,4,2.45,69,0,92,0,0
20221083,2021,3,3.29,129,3,68,0,1
20221084,2022,7,1.96,59,1,62,1,1
20221085,2022,2,1.9,55,3,89,0,1
20221086,2023,5,2.7,106,0,68,0,1
20221087,2021,4,2.69,88,1,84,1,0
20221088,2021,8,3.59,97,4,83,0,1
20221089,2021,8,2.05,83,1,91,1,0
20221090,2023,3,2.05,64,1,66,0,1
20221091,2023,5,2.09,62,4,95,0,1
20221092,2022,5,1.86,98,2,84,1,0
20221093,2022,6,1.94,40,2,79,1,0
20221094,2022,5,3.12,136,2,76,1,0
20221095,2021,8,2.66,54,0,95,1,0
20221096,2021,7,3.33,120,1,85,0,0
20221097,2022,3,3.79,137,4,78,0,1
20221098,2021,3,3.12,120,0,96,1,0
20221099,2022,4,1.9,91,4,62,1,1
20221100,2023,4,2.01,97,0,87,0,1
20221101,2022,4,3.56,80,0,81,1,0
20221102,2023,8,2.85,83,0,78,0,0
20221103,2021,8,3.45,43,4,75,1,0
20221104,2022,8,3.51,116,3,65,1,1
20221105,2021,8,3.66,107,0,96,1,0
20221106,2023,8,3.7,46,2,90,1,0
20221107,2023,8,2.91,85,1,93,0,0
20221108,2023,7,2.48,48,3,90,1,0
20221109,2021,8,3.72,126,3,70,0,1
20221110,2021,5,2.89,72,4,95,1,1
20221111,2021,5,1.93,72,3,65,1,1
20221112,2021,6,3.09,123,4,86,0,1
20221113,2023,7,2.98,43,4,66,1,1
20221114,2023,4,3.59,104,2,91,0,0
20221115,2022,2,3.11,73,0,67,1,0
20221116,2022,8,2.5,130,3,92,0,1
20221117,2021,6,3.73,124,0,74,1,0
20221118,2023,2,3.4,127,0,86,1,0
20221119,2023,5,3.06,118,0,89,1,0
20221120,2023,6,2.39,138,4,81,1,1
20221121,2022,6,2.55,103,0,88,1,0
20221122,2022,3,3.14,64,3,89,0,1
20221123,2023,5,1.94,94,4,61,0,1
20221124,2023,5,2.31,48,3,74,0,1
20221125,2023,7,3.23,56,4,86,1,1
20221126,2022,6,2.76,60,1,66,1,0
20221127,2023,8,2.6,99,1,86,1,0
20221128,2023,5,2.1,52,1,80,0,1
20221129,2021,6,2.68,42,1,72,0,1
20221130,2021,7,3.34,107,4,76,0,1
20221131,2022,8,2.33,43,0,70,1,1
20221132,2023,7,1.81,131,2,69,1,1
20221133,2023,3,3.14,46,2,92,0,0
20221134,2021,8,3.75,65,1,73,0,1
20221135,2022,6,3.01,114,0,96,0,0
20221136,2021,5,2.04,63,3,67,0,1
20221137,2021,5,2.44,49,0,92,1,0
20221138,2021,6,3.54,52,3,66,0,1
20221139,2021,6,2.27,83,2,93,1,0
20221140,2023,6,3.02,78,0,66,1,0
20221141,2023,4,2.61,58,0,66,1,0
20221142,2021,8,2.22,90,2,95,1,0
20221143,2022,5,3.43,58,0,66,1,0
20221144,2022,8,3.29,115,3,79,1,0
20221145,2022,7,3.12,91,0,77,0,0
20221146,2022,5,2.27,125,3,73,0,1
20221147,2021,4,2.0,86,1,99,0,1
20221148,2023,6,2.95,69,0,73,0,1
20221149,2022,3,2.91,85,3,80,1,0
20221150,2021,6,2.18,115,2,86,0,1
20221151,2022,6,1.91,132,1,85,1,0
20221152,2022,4,1.96,60,0,86,0,1
20221153,2021,8,3.79,114,3,83,0,1
20221154,2023,5,3.37,87,0,64,1,0
20221155,2023,6,3.64,101,3,97,1,0
20221156,2021,5,2.19,97,0,87,0,1
20221157,2023,2,3.72,57,1,91,0,0
20221158,2021,7,2.09,98,1,83,1,1
20221159,2021,8,2.82,130,0,65,1,0
20221160,2021,5,3.46,87,0,69,1,0
20221161,2023,3,2.5,102,4,62,1,1
20221162,2021,7,2.65,51,0,66,1,0
20221163,2022,3,2.06,126,0,88,1,0
20221164,2023,6,2.05,73,1,93,1,0
20221165,2023,7,3.04,100,0,66,1,0
20221166,2023,5,3.15,126,2,76,1,0
20221167,2023,7,3.35,92,0,72,1,0
20221168,2022,6,2.91,64,4,80,0,1
20221169,2023,4,3.09,101,3,90,1,0
20221170,2023,8,1.83,43,1,68,1,1
20221171,2021,3,2.12,133,2,72,0,1
20221172,2023,6,3.77,133,3,76,1,0
20221173,2022,4,1.95,52,2,67,0,1
20221174,2022,7,3.16,81,1,68,1,0
20221175,2022,7,2.15,88,4,68,0,1
20221176,2022,6,3.23,117,1,99,1,0
20221177,2023,5,3.21,95,2,89,0,0
20221178,2023,7,2.27,86,2,66,0,1
20221179,2022,5,2.34,47,1,76,1,0
20221180,2022,5,3.11,94,0,98,1,0
20221181,2023,8,2.58,127,1,97,0,0
20221182,2022,5,2.19,57,4,64,0,1
20221183,2021,2,3.26,74,1,76,0,0
20221184,2022,8,2.11,128,3,99,1,1
20221185,2022,4,3.51,120,0,60,0,1
20221186,2021,4,2.83,71,3,75,0,1
20221187,2021,7,2.01,63,1,76,0,1
20221188,2023,7,3.19,46,0,89,0,0
20221189,2023,5,2.84,52,3,90,1,0
20221190,2021,8,2.4,130,3,94,1,0
20221191,2021,8,2.65,108,0,67,0,1
20221192,2023,2,2.4,139,0,89,1,0
20221193,2022,5,2.33,129,2,98,1,0
20221194,2021,2,2.13,81,0,80,0,1
20221195,2023,5,2.53,70,1,74,0,1
20221196,2022,3,2.3,113,4,93,1,1
20221197,2021,3,3.17,65,2,86,1,0
20221198,2022,6,3.17,125,0,61,0,1
20221199,2023,5,2.8,115,4,69,0,1
20221200,2021,8,3.36,71,2,64,0,1
20221201,2022,7,3.48,130,1,86,0,0
20221202,2021,4,2.96,136,4,63,0,1
20221203,2022,6,3.04,91,0,72,1,0
20221204,2023,7,2.37,59,0,76,0,1
20221205,2023,3,3.59,79,1,80,0,0
20221206,2021,5,1.85,98,2,82,0,1
20221207,2022,6,2.5,116,4,92,0,1
20221208,2021,5,3.24,53,1,74,1,0
20221209,2021,3,1.96,83,2,73,1,1
20221210,2022,6,2.17,125,3,68,1,1
20221211,2022,3,2.98,121,3,96,1,0
20221212,2022,2,2.92,87,2,89,1,0
20221213,2023,3,3.28,132,0,88,1,0
20221214,2021,8,3.43,82,0,82,0,0
20221215,2021,8,2.06,55,3,93,0,1
20221216,2023,5,1.84,74,0,66,0,1
20221217,2022,4,3.18,92,0,68,1,0
20221218,2023,3,2.4,73,2,63,1,0
20221219,2023,7,3.05,42,2,61,1,0
20221220,2023,8,2.1,107,0,86,0,1
20221221,2021,4,2.74,44,2,92,1,0
20221222,2023,2,2.81,49,4,91,0,1
20221223,2021,6,2.97,91,3,96,1,0
20221224,2021,6,2.83,68,4,86,0,1
20221225,2021,8,2.79,135,4,87,1,0
20221226,2022,4,2.47,70,0,62,0,1
20221227,2021,8,1.94,105,0,95,0,1
20221228,2021,6,1.98,115,4,67,1,1
20221229,2022,3,2.67,130,4,96,1,0
20221230,2021,4,2.51,108,1,97,0,0
20221231,2023,5,2.83,76,1,81,1,0
20221232,2023,3,2.41,66,3,73,1,1
20221233,2021,3,3.18,126,4,74,0,1
20221234,2022,3,3.53,72,2,63,0,1
20221235,2023,5,2.4,107,1,77,0,0
20221236,2022,2,2.19,98,0,60,1,1
20221237,2022,7,2.03,103,4,71,0,1
20221238,2023,8,3.03,124,2,76,1,0
20221239,2022,6,2.69,127,2,78,1,0
20221240,2023,8,2.18,83,2,95,0,1
20221241,2022,4,3.11,134,0,66,1,0
20221242,2023,2,2.1,127,1,68,1,1
20221243,2021,4,2.91,88,2,67,0,1
20221244,2023,8,2.85,92,1,84,0,0
20221245,2023,6,3.27,113,3,66,1,1
20221246,2023,5,1.91,88,0,67,0,1
20221247,2023,8,3.58,105,1,83,0,0
20221248,2022,3,3.21,134,1,76,1,0
20221249,2021,8,2.23,102,2,71,0,1
20221250,2023,3,2.17,64,2,90,0,1
20221251,2022,5,2.66,43,0,71,1,0
20221252,2021,8,3.44,90,1,61,1,1
20221253,2021,2,3.49,50,4,71,1,1
20221254,2021,2,2.84,56,2,86,0,0
20221255,2021,4,3.52,105,2,66,0,1
20221256,2023,5,1.81,109,3,72,1,1
20221257,2023,2,1.87,112,0,95,0,1
20221258,2022,8,3.62,108,1,60,0,1
20221259,2022,5,3.35,123,1,94,0,0
20221260,2022,6,2.7,68,1,89,0,0
20221261,2021,3,3.31,124,2,90,1,0
20221262,2021,8,3.71,112,0,76,1,0
20221263,2023,3,3.34,131,1,67,0,1
20221264,2021,3,3.48,111,4,62,0,1
20221265,2021,5,3.32,134,3,69,0,1
20221266,2021,5,2.14,59,3,93,1,1
20221267,2022,4,3.47,66,1,81,1,0
20221268,2022,3,2.19,47,2,63,1,1
20221269,2023,4,3.59,124,3,91,1,0
20221270,2021,3,2.72,100,3,88,1,0
20221271,2021,4,3.15,67,3,70,0,1
20221272,2023,4,2.79,126,3,72,0,1
20221273,2021,6,1.99,109,1,63,1,1
20221274,2021,4,2.38,42,0,61,1,1
20221275,2022,5,3.77,108,0,93,0,0
20221276,2023,4,3.72,112,2,81,1,0
20221277,2023,3,2.44,46,4,64,0,1
20221278,2023,4,3.79,99,0,68,1,0
20221279,2023,2,3.49,43,4,79,0,1
20221280,2022,7,3.02,44,0,80,1,0
20221281,2022,3,1.88,50,0,76,0,1
20221282,2021,2,3.6,54,2,71,0,1
20221283,2021,3,2.91,103,3,87,1,0
20221284,2021,5,3.54,137,2,77,1,0
20221285,2021,7,3.47,52,0,62,1,0
20221286,2022,7,3.47,46,3,64,1,1
20221287,2023,5,3.2,45,3,73,1,1
20221288,2022,7,2.38,95,3,85,0,1
20221289,2021,5,2.47,103,4,78,1,0
20221290,2022,2,2.42,89,0,76,1,0
20221291,2023,6,1.84,69,1,98,1,1
20221292,2023,3,2.97,61,2,63,1,0
20221293,2022,5,3.2,64,4,94,0,1
20221294,2022,3,3.51,67,2,83,1,0
20221295,2022,2,2.08,123,1,72,1,1
20221296,2021,6,2.89,78,3,92,1,0
20221297,2022,2,1.82,106,1,74,1,1
20221298,2022,7,1.99,44,2,74,0,1
20221299,2022,3,1.91,104,1,90,0,1
20221300,2023,8,3.25,54,0,87,0,0
20221301,2023,6,1.96,129,1,69,0,1
20221302,2021,7,3.23,106,0,66,0,1
20221303,2021,6,2.3,79,1,92,1,0
20221304,2023,7,3.56,137,0,66,0,1
20221305,2023,2,3.43,108,0,64,0,1
20221306,2023,5,3.72,134,1,85,1,0
20221307,2022,3,3.57,116,4,75,0,1
20221308,2022,4,3.67,82,3,67,0,1
20221309,2023,4,3.52,40,3,81,0,1
20221310,2022,2,3.19,61,3,93,0,1
20221311,2022,3,2.14,101,0,99,1,0
20221312,2021,3,2.34,118,3,87,0,1
20221313,2023,2,2.23,65,0,95,0,1
20221314,2023,3,3.01,57,4,66,0,1
20221315,2022,5,2.81,87,1,99,0,0
20221316,2023,2,3.53,48,1,87,0,0
20221317,2021,5,3.71,40,0,61,1,0
20221318,2021,3,2.61,48,0,68,0,1
20221319,2021,2,2.81,62,4,65,0,1
20221320,2023,3,3.74,84,3,60,1,1
20221321,2023,2,2.35,41,4,62,1,1
20221322,2023,3,3.38,53,1,69,0,1
20221323,2023,5,2.25,77,1,96,1,0
20221324,2023,8,3.16,79,3,82,0,1
20221325,2021,5,2.31,102,1,92,0,1
20221326,2022,3,3.57,121,0,68,0,1
20221327,2021,2,2.92,55,1,72,0,1
20221328,2023,4,2.17,132,2,87,1,0
20221329,2021,5,2.25,114,3,66,1,1
20221330,2023,5,2.79,45,3,85,1,0
20221331,2023,7,3.72,42,3,75,1,0
20221332,2021,4,3.34,53,2,99,0,0
20221333,2023,3,2.78,105,4,85,0,1
20221334,2022,8,2.48,135,0,98,0,0
20221335,2023,2,2.9,134,3,91,1,0
20221336,2022,7,3.3,114,1,95,0,0
20221337,2022,3,3.37,125,0,60,0,1
20221338,2023,6,2.45,106,1,80,0,0
20221339,2021,8,3.24,70,0,72,1,1
20221340,2022,5,3.12,72,0,85,1,0
20221341,2021,6,3.72,127,1,68,1,0
20221342,2022,5,3.66,40,1,96,1,0
20221343,2023,5,3.38,83,0,82,0,0
20221344,2023,6,3.25,54,3,60,0,1
20221345,2022,8,2.35,76,1,61,0,1
20221346,2023,6,3.49,66,2,87,0,0
20221347,2022,3,2.66,87,2,95,1,0
20221348,2023,7,2.34,66,0,90,0,1
20221349,2021,7,2.57,51,4,64,0,1
20221350,2023,6,3.47,106,0,96,1,0
20221351,2021,3,2.1,69,0,84,0,1
20221352,2023,7,2.71,135,3,67,0,1
20221353,2021,3,2.78,126,3,93,1,0
20221354,2023,3,1.87,105,4,98,1,1
20221355,2021,5,2.19,46,4,91,0,1
20221356,2022,7,3.45,73,4,70,0,1
20221357,2022,7,3.46,71,4,84,0,1
20221358,2021,5,2.38,78,4,62,0,1
20221359,2023,6,3.55,135,0,91,0,0
20221360,2021,5,3.34,82,0,94,1,0
20221361,2023,7,2.64,82,2,91,0,0
20221362,2022,7,3.3,117,2,93,0,0
20221363,2023,8,3.72,42,1,96,0,0
20221364,2022,6,2.72,85,0,64,0,1
20221365,2023,5,2.28,71,4,87,0,1
20221366,2023,2,3.68,82,1,87,0,0
20221367,2023,2,3.01,139,3,67,0,1
20221368,2021,6,2.01,120,0,86,0,1
20221369,2021,5,2.95,42,2,75,0,0
20221370,2022,5,2.8,113,0,77,1,0
20221371,2022,3,3.51,102,0,84,1,0
20221372,2021,7,2.86,79,0,60,0,1
20221373,2022,4,2.31,57,0,67,0,1
20221374,2021,8,3.15,106,3,80,0,1
20221375,2023,6,2.89,101,2,93,0,1
20221376,2022,4,2.27,49,0,83,0,1
20221377,2022,4,2.95,91,3,96,0,1
20221378,2021,6,3.44,112,1,85,1,0
20221379,2022,5,1.86,85,0,73,0,1
20221380,2022,6,3.06,94,3,88,1,0
20221381,2023,4,2.5,85,4,89,1,0
20221382,2022,7,2.39,114,1,62,1,1
20221383,2023,8,2.59,99,2,66,1,0
20221384,2021,8,2.48,136,0,95,1,0
20221385,2022,7,3.46,139,0,70,1,0
20221386,2023,7,2.35,65,3,91,1,1
20221387,2021,5,3.27,66,2,71,1,0
20221388,2022,2,1.99,77,4,74,1,1
20221389,2021,6,3.7,61,1,97,0,0
20221390,2022,8,3.04,65,2,83,0,0
20221391,2021,7,3.21,125,0,60,1,0
20221392,2021,6,2.4,108,3,77,1,0
20221393,2023,8,2.62,74,4,66,1,1
20221394,2021,7,2.25,105,3,61,0,1
20221395,2022,8,3.67,138,1,99,0,0
20221396,2022,5,2.78,112,2,90,1,0
20221397,2023,2,3.06,90,3,92,1,1
20221398,2022,2,3.27,57,3,89,1,0
20221399,2022,7,2.54,82,0,90,1,0
20221400,2022,8,3.24,51,3,93,1,0
20221401,2021,5,3.15,42,4,66,1,1
20221402,2021,3,3.21,121,2,84,0,0
20221403,2022,6,2.78,46,1,75,0,0
20221404,2023,6,2.57,136,3,81,0,1
20221405,2021,4,2.24,45,4,95,1,1
20221406,2023,5,3.45,121,1,86,1,0
20221407,2022,8,3.02,84,4,76,0,1
20221408,2022,4,2.69,125,3,63,0,1
20221409,2021,7,3.69,78,3,94,1,0
20221410,2022,8,1.9,90,2,81,0,1
20221411,2021,4,3.5,48,0,94,0,0
20221412,2022,2,3.8,138,4,74,0,1
20221413,2022,6,3.57,62,0,99,0,0
20221414,2021,8,3.42,51,0,80,1,0
20221415,2021,4,2.55,127,1,72,1,0
20221416,2021,2,2.26,101,1,70,1,1
20221417,2022,5,3.27,112,4,86,1,0
20221418,2022,4,2.41,116,0,90,0,1
20221419,2023,7,2.15,79,2,91,0,1
20221420,2021,7,3.37,93,0,89,0,0
20221421,2022,7,2.43,120,1,77,1,0
20221422,2022,8,3.63,46,0,75,1,0
20221423,2021,6,3.48,56,3,94,1,0
20221424,2023,4,3.5,89,3,68,1,1
20221425,2021,5,3.34,63,2,98,0,0
20221426,2023,4,3.56,41,4,96,1,0
20221427,2022,6,3.41,138,0,69,0,1
20221428,2023,2,3.01,131,3,71,0,1
20221429,2022,6,2.39,122,4,67,0,1
20221430,2021,7,3.58,72,3,62,1,1
20221431,2021,8,3.48,60,4,78,1,0
20221432,2021,2,2.75,113,4,70,0,1
20221433,2023,8,1.88,92,3,67,0,1
20221434,2022,7,3.08,85,1,85,1,0
20221435,2021,3,1.9,84,4,82,1,1
20221436,2021,6,3.65,48,0,69,1,0
20221437,2022,6,3.72,45,3,77,1,0
20221438,2021,5,2.18,90,1,71,0,1
20221439,2022,4,3.15,74,3,98,0,1
20221440,2022,2,1.98,121,2,85,0,1
20221441,2022,8,3.26,92,0,70,0,1
20221442,2022,2,2.49,58,2,69,0,1
20221443,2022,5,3.16,108,4,62,0,1
20221444,2023,5,2.55,64,4,66,1,1
20221445,2021,8,2.09,50,2,63,0,1
20221446,2023,4,2.61,113,2,99,1,0
20221447,2021,8,2.03,56,4,67,1,1
20221448,2023,8,2.95,75,1,97,0,1
20221449,2022,7,1.88,129,0,72,1,1
20221450,2021,4,2.85,134,3,71,0,1
20221451,2021,6,3.57,135,2,94,0,0
20221452,2023,7,3.48,60,0,97,1,0
20221453,2023,3,3.57,57,3,95,1,1
20221454,2021,4,3.64,99,3,61,1,1
20221455,2023,5,2.01,57,2,74,1,1
20221456,2023,7,2.06,40,1,93,1,1
20221457,2023,4,2.91,53,1,98,1,0
20221458,2022,2,3.59,47,0,85,1,0
20221459,2022,8,3.75,105,0,64,1,0
20221460,2023,3,1.89,90,4,84,1,1
20221461,2023,6,2.51,118,1,93,0,0
20221462,2022,8,2.23,99,0,63,0,1
20221463,2022,2,3.31,73,4,93,1,0
20221464,2021,2,3.08,75,3,86,1,0
20221465,2021,3,2.04,101,0,88,1,0
20221466,2022,6,2.77,40,4,64,0,1
20221467,2023,5,3.17,124,1,77,0,0
20221468,2023,7,3.36,81,3,63,1,1
20221469,2023,6,1.84,40,0,60,1,1
20221470,2023,4,3.58,135,1,79,1,0
20221471,2021,2,2.94,123,3,65,1,1
20221472,2022,4,3.42,93,2,79,0,0
20221473,2023,5,3.42,86,1,79,0,0
20221474,2021,4,2.18,139,2,86,1,0
20221475,2023,6,2.02,78,0,85,1,0
20221476,2022,4,3.24,69,4,91,0,1
20221477,2021,5,2.11,46,0,69,0,1
20221478,2022,5,3.5,61,1,77,1,0
20221479,2022,5,3.25,89,2,71,1,0
20221480,2021,6,3.48,84,2,69,0,1
20221481,2021,5,2.4,113,3,83,0,1
20221482,2021,2,2.43,111,0,83,0,1
20221483,2021,8,3.14,130,0,97,1,0
20221484,2021,5,1.86,49,1,84,0,1
20221485,2021,4,3.25,53,2,67,1,0
20221486,2021,7,3.47,85,1,73,0,1
20221487,2023,4,2.63,114,1,90,0,0
20221488,2022,7,3.33,45,2,83,0,1
20221489,2021,4,2.15,60,1,75,1,1
20221490,2023,6,2.44,101,2,79,1,0
20221491,2023,4,3.75,136,1,97,0,0
20221492,2023,6,3.77,58,4,74,1,1
20221493,2022,6,2.83,127,1,73,0,1
20221494,2021,5,3.67,121,1,71,1,0
20221495,2023,2,2.85,138,4,93,0,1
20221496,2022,7,2.38,101,0,67,0,1
20221497,2022,5,2.33,122,2,78,1,0
20221498,2022,5,3.66,92,3,64,0,1
20221499,2023,8,2.14,63,4,86,1,1
20221500,2021,6,2.96,95,0,72,0,1
20221501,2023,6,2.91,101,1,91,1,0
20221502,2023,7,3.28,73,0,90,0,0
20221503,2021,4,2.8,61,4,96,0,1
20221504,2021,4,2.34,107,1,61,1,1
20221505,2021,5,2.14,96,0,66,0,1
20221506,2022,3,3.04,49,3,70,1,1
20221507,2021,3,3.24,105,2,70,0,1
20221508,2023,4,2.94,47,2,82,0,0
20221509,2021,3,3.28,136,4,90,0,1
20221510,2023,8,2.08,77,1,67,0,1
20221511,2022,4,3.56,101,1,91,1,0
20221512,2023,6,2.96,67,2,80,1,0
20221513,2023,5,2.05,49,0,90,1,0
20221514,2021,2,2.72,84,1,60,0,1
20221515,2021,5,3.49,104,3,72,1,1
20221516,2023,4,3.6,137,3,70,1,1
20221517,2021,8,2.33,106,1,88,0,1
20221518,2022,4,3.22,48,1,63,1,0
20221519,2022,5,2.0,44,2,95,0,1
20221520,2021,8,1.87,49,4,74,0,1
20221521,2022,8,2.92,51,2,62,1,0
20221522,2021,8,3.19,121,4,88,1,0
20221523,2023,7,3.39,97,3,80,1,0
20221524,2023,4,2.48,60,4,61,1,1
20221525,2022,3,1.81,60,2,65,0,1
20221526,2021,3,2.76,104,1,90,1,0
20221527,2021,4,1.83,42,4,83,0,1
20221528,2022,4,1.98,108,2,99,1,0
20221529,2023,7,2.45,128,3,76,0,1
20221530,2022,3,2.67,103,4,64,1,1
20221531,2023,4,2.36,88,3,61,1,1
20221532,2021,4,2.96,111,3,71,0,1
20221533,2023,7,1.91,56,0,64,1,1
20221534,2022,7,2.09,112,4,79,1,1
20221535,2021,5,3.19,71,2,67,1,0
20221536,2022,7,2.08,109,4,60,1,1
20221537,2022,2,3.08,60,4,65,0,1
20221538,2023,3,1.91,46,3,70,0,1
20221539,2022,5,2.61,46,3,62,1,1
20221540,2023,2,2.15,66,3,90,0,1
20221541,2021,4,2.02,47,3,87,1,1
20221542,2023,4,2.93,112,2,64,0,1
20221543,2021,5,3.66,67,1,85,0,0
20221544,2023,7,1.91,118,0,75,0,1
20221545,2022,8,2.64,105,3,90,1,0
20221546,2023,8,3.22,110,3,87,0,1
20221547,2023,4,2.73,86,0,66,0,1
20221548,2021,8,3.41,121,3,97,1,0
20221549,2022,6,2.16,125,1,68,0,1
20221550,2023,5,3.72,49,4,98,1,0
20221551,2022,2,2.57,72,0,94,0,0
20221552,2023,5,2.48,46,2,86,1,0
20221553,2023,3,3.55,42,0,71,0,1
20221554,2022,7,2.93,53,1,84,1,0
20221555,2023,7,2.83,83,2,88,0,0
20221556,2022,5,3.25,85,4,90,0,1
20221557,2023,4,2.96,100,3,93,1,0
20221558,2021,4,2.13,75,0,92,0,1
20221559,2022,6,3.15,52,2,86,0,0
20221560,2023,6,2.07,55,0,61,1,1
20221561,2023,7,3.41,119,4,73,1,1
20221562,2021,6,3.78,44,0,72,0,1
20221563,2022,2,2.55,128,2,83,1,0
20221564,2023,6,2.69,77,1,64,0,1
20221565,2021,2,1.89,89,2,93,1,0
20221566,2023,6,1.83,77,0,82,1,0
20221567,2022,7,3.64,95,4,78,1,0
20221568,2023,7,2.06,102,3,89,1,1
20221569,2023,2,2.69,87,3,75,0,1
20221570,2023,5,3.43,129,4,99,1,0
20221571,2023,7,3.58,98,0,93,0,0
20221572,2021,5,2.84,116,4,70,0,1
20221573,2021,4,2.93,83,0,73,0,1
20221574,2022,2,3.14,129,2,74,0,1
20221575,2021,8,3.72,94,1,94,0,0
20221576,2021,7,3.01,94,0,66,1,0
20221577,2022,3,2.92,40,3,88,1,0
20221578,2021,4,1.83,47,3,81,0,1
20221579,2021,5,1.96,43,1,82,0,1
20221580,2022,7,2.95,124,0,83,1,0
20221581,2022,2,3.67,125,1,94,0,1
20221582,2022,8,3.53,92,2,69,1,0
20221583,2023,6,3.77,97,1,67,0,1
20221584,2023,8,2.86,76,2,71,1,0
20221585,2022,3,3.38,88,3,88,1,1
20221586,2022,5,3.48,106,2,88,0,1
20221587,2022,4,3.1,58,0,82,1,0
20221588,2023,8,2.48,40,0,85,0,0
20221589,2023,2,2.74,68,0,96,1,0
20221590,2021,3,3.52,126,0,91,1,0
20221591,2021,2,2.4,72,4,97,0,1
20221592,2022,7,3.65,91,2,65,1,0
20221593,2023,6,2.26,80,0,67,1,1
20221594,2023,4,3.3,62,1,76,0,0
20221595,2023,2,3.06,44,1,71,1,0
20221596,2022,5,3.3,110,4,81,0,1
20221597,2021,7,2.67,96,2,73,0,1
20221598,2022,7,3.67,45,2,93,1,0
20221599,2021,4,3.06,88,2,78,0,0
20221600,2021,7,2.38,61,4,65,1,1
20221601,2022,5,3.08,116,2,77,1,0
20221602,2021,2,2.37,115,2,95,0,1
20221603,2021,4,2.39,43,0,96,1,1
20221604,2023,7,2.6,111,2,97,1,0
20221605,2021,7,3.5,103,0,74,1,0
20221606,2022,5,2.8,76,0,97,0,0
20221607,2022,6,3.16,70,2,99,0,0
20221608,2021,6,2.58,76,1,68,1,1
20221609,2023,8,2.33,84,3,65,0,1
20221610,2023,7,3.71,129,1,61,1,0
20221611,2021,2,3.01,47,2,75,1,0
20221612,2021,4,3.67,79,2,60,0,1
20221613,2022,7,2.21,136,1,89,0,1
20221614,2021,3,2.09,132,2,92,0,1
20221615,2023,4,3.51,44,0,60,1,0
20221616,2021,8,3.16,67,4,98,0,1
20221617,2022,6,2.17,120,2,75,1,0
20221618,2022,7,2.34,126,2,76,1,1
20221619,2022,5,3.4,48,1,97,1,0
20221620,2022,3,2.71,41,0,77,0,0
20221621,2022,7,3.14,102,1,81,0,1
20221622,2021,8,2.44,135,1,81,0,0
20221623,2021,2,2.56,90,2,94,1,0
20221624,2021,3,3.78,70,0,90,1,0
20221625,2021,8,2.3,46,2,99,0,1
20221626,2022,7,2.81,69,2,86,0,0
20221627,2023,2,3.49,97,2,95,0,1
20221628,2021,3,2.28,42,2,63,0,1
20221629,2023,2,2.63,90,4,64,0,1
20221630,2021,2,3.03,95,3,84,0,1
20221631,2021,3,2.76,112,0,90,0,0
20221632,2023,3,2.72,49,4,73,0,1
20221633,2022,2,2.53,100,3,89,0,1
20221634,2021,8,2.97,89,3,71,1,1
20221635,2021,6,3.05,86,3,86,0,1
20221636,2021,3,3.11,129,4,83,0,1
20221637,2023,7,1.94,40,0,89,1,0
20221638,2022,4,3.06,133,1,77,1,0
20221639,2023,5,3.71,96,3,73,1,1
20221640,2023,2,2.88,77,1,78,1,0
20221641,2022,2,3.23,101,1,81,1,0
20221642,2023,5,2.91,118,2,85,1,0
20221643,2022,6,3.51,128,1,66,1,0
20221644,2021,5,3.66,109,2,87,0,0
20221645,2022,3,2.17,121,0,97,0,1
20221646,2021,5,2.67,104,0,64,0,1
20221647,2023,2,2.58,101,2,95,1,0
20221648,2023,5,2.61,95,0,77,0,0
20221649,2021,4,2.05,106,3,73,1,1
20221650,2023,7,3.43,56,0,82,0,0
20221651,2022,3,1.87,47,2,73,1,1
20221652,2021,5,2.86,99,3,91,0,1
20221653,2023,2,3.12,79,1,64,0,1
20221654,2021,8,2.21,120,1,81,0,1
20221655,2022,7,3.61,128,1,87,0,0
20221656,2022,3,3.48,101,2,71,0,1
20221657,2023,2,2.74,80,1,77,0,0
20221658,2022,6,2.62,51,0,95,0,1
20221659,2021,4,2.27,132,1,90,1,1
20221660,2022,6,3.26,128,4,72,1,1
20221661,2021,4,2.06,139,4,79,0,1
20221662,2021,5,3.16,93,1,95,0,0
20221663,2022,3,3.48,128,1,66,0,1
20221664,2023,5,2.26,132,4,82,0,1
20221665,2022,4,3.53,50,1,93,1,0
20221666,2021,4,1.87,99,3,91,1,1
20221667,2021,4,3.63,107,4,80,0,1
20221668,2022,7,2.04,117,2,65,0,1
20221669,2023,2,3.09,85,4,75,0,1
20221670,2023,3,2.3,77,0,94,0,1
20221671,2021,5,3.47,100,3,79,1,0
20221672,2021,5,2.82,56,2,70,1,0
20221673,2023,6,2.07,105,1,91,1,0
20221674,2022,4,2.94,111,0,73,1,0
20221675,2021,8,2.62,75,0,83,0,0
20221676,2021,4,3.12,113,3,98,1,0
20221677,2023,4,3.56,46,2,90,0,0
20221678,2022,8,2.62,139,0,76,1,0
20221679,2023,5,2.38,55,2,84,1,0
20221680,2022,6,1.83,53,2,68,0,1
20221681,2022,2,2.95,119,0,81,1,0
20221682,2022,8,2.6,64,2,94,0,0
20221683,2021,7,2.55,43,3,96,0,1
20221684,2023,3,2.17,68,0,76,0,1
20221685,2023,8,2.66,95,3,87,0,1
20221686,2022,2,3.77,45,3,60,0,1
20221687,2021,5,2.4,40,2,68,1,1
20221688,2021,7,3.0,78,2,72,1,0
20221689,2023,7,3.35,40,0,91,0,0
20221690,2021,7,3.3,102,1,87,0,0
20221691,2021,4,2.46,96,0,90,0,0
20221692,2022,3,3.02,106,3,67,0,1
20221693,2021,5,3.54,104,2,67,1,0
20221694,2022,5,1.83,104,3,93,0,1
20221695,2023,7,2.67,60,4,82,1,0
20221696,2021,5,2.25,69,4,69,1,1
20221697,2023,3,2.58,135,3,96,0,1
20221698,2023,3,2.63,72,1,84,1,0
20221699,2021,6,3.29,87,1,92,0,0
20221700,2021,8,1.99,61,0,63,0,1
20221701,2023,8,2.83,133,0,66,1,0
20221702,2021,6,2.93,93,0,92,0,0
20221703,2022,2,2.79,43,2,61,0,1
20221704,2022,8,3.26,126,1,91,1,0
20221705,2021,3,2.57,94,3,64,1,1
20221706,2023,3,3.69,83,4,76,1,0
20221707,2021,8,2.76,128,1,71,0,1
20221708,2021,3,2.94,51,1,71,1,0
20221709,2023,6,3.45,120,1,94,1,0
20221710,2023,7,2.35,118,0,80,1,0
20221711,2022,7,1.95,113,2,80,1,0
20221712,2023,5,3.22,138,3,61,0,1
20221713,2022,7,2.77,91,0,80,1,0
20221714,2023,4,3.59,132,2,74,1,0
20221715,2021,6,3.77,115,1,70,0,1
20221716,2022,3,2.6,104,2,69,1,0
20221717,2022,8,2.63,104,0,77,1,0
20221718,2022,7,2.62,49,1,82,0,0
20221719,2021,6,2.45,57,0,90,0,0
20221720,2021,7,3.36,86,3,85,0,1
20221721,2021,2,3.32,105,1,61,0,1
20221722,2021,3,2.76,88,2,98,0,0
20221723,2021,2,1.89,111,0,66,1,1
20221724,2022,3,2.42,61,4,83,1,0
20221725,2021,6,2.38,125,2,98,1,0
20221726,2022,5,3.42,65,2,91,1,0
20221727,2021,7,1.98,129,1,85,0,1
20221728,2023,7,3.41,48,2,82,0,0
20221729,2022,4,3.14,60,0,73,0,1
20221730,2023,8,3.26,134,4,88,1,0
20221731,2022,2,2.66,102,3,84,0,1
20221732,2023,7,3.16,45,4,90,0,1
20221733,2021,6,3.02,53,0,61,1,0
20221734,2021,5,3.34,72,1,61,0,1
20221735,2021,8,2.69,110,0,82,0,0
20221736,2022,6,2.75,63,2,70,1,0
20221737,2023,2,3.09,112,1,88,1,0
20221738,2021,4,2.02,114,3,94,0,1
20221739,2023,7,2.67,126,3,68,1,1
20221740,2023,6,3.74,90,0,91,0,0
20221741,2021,8,1.88,41,2,89,1,1
20221742,2021,3,2.43,54,3,74,1,1
20221743,2023,5,2.43,74,4,73,1,1
20221744,2021,8,3.07,75,1,76,1,0
20221745,2021,6,2.01,131,4,81,0,1
20221746,2021,5,3.06,78,3,89,0,1
20221747,2022,7,1.99,43,3,76,0,1
20221748,2023,3,1.99,103,0,75,1,0
20221749,2023,4,3.26,113,0,67,0,1
20221750,2022,8,2.45,45,1,98,1,0
20221751,2023,4,3.75,96,0,90,0,0
20221752,2021,3,1.87,69,2,71,1,1
20221753,2023,5,2.69,138,1,92,1,0
20221754,2021,7,2.03,113,2,71,1,1
20221755,2022,6,2.5,135,0,84,0,0
20221756,2021,3,3.8,106,1,97,0,0
20221757,2023,2,3.58,129,3,77,0,1
20221758,2023,5,1.9,54,4,78,0,1
20221759,2023,4,2.93,56,3,62,1,1
20221760,2022,8,3.1,130,2,94,1,0
20221761,2022,3,2.22,57,3,64,1,1
20221762,2023,4,2.09,58,3,94,1,1
20221763,2021,5,3.61,115,4,86,0,1
20221764,2022,4,3.74,127,4,96,0,1
20221765,2023,3,3.78,108,3,80,1,0
20221766,2023,5,3.38,63,4,75,0,1
20221767,2022,2,3.13,130,3,87,1,0
20221768,2022,3,2.49,87,1,84,1,0
20221769,2022,6,2.14,69,3,92,1,1
20221770,2021,7,1.96,54,0,76,0,1
20221771,2021,3,3.19,86,4,89,1,0
20221772,2023,5,3.37,83,4,63,0,1
20221773,2022,8,3.45,137,2,61,1,0
20221774,2021,7,3.63,66,2,68,0,1
20221775,2022,3,3.56,123,0,90,0,1
20221776,2023,2,3.8,103,4,84,1,1
20221777,2021,8,2.29,80,4,96,1,1
20221778,2021,2,3.33,135,2,95,0,0
20221779,2021,6,2.97,107,2,64,0,1
20221780,2023,8,2.32,44,3,83,0,1
20221781,2022,4,3.76,92,4,83,1,0
20221782,2021,8,3.6,47,4,88,1,0
20221783,2023,7,2.06,61,3,90,0,1
20221784,2022,8,1.85,46,4,96,0,1
20221785,2023,5,3.18,61,0,78,0,0
20221786,2022,5,3.01,85,2,82,1,0
20221787,2023,4,3.67,69,2,94,1,0
20221788,2022,8,2.27,55,2,65,0,1
20221789,2021,2,1.97,118,1,65,0,1
20221790,2022,2,2.32,44,0,96,1,0
20221791,2023,3,1.84,106,0,89,1,0
20221792,2023,6,1.87,62,3,60,0,1
20221793,2022,7,3.63,100,1,67,0,1
20221794,2021,6,2.5,113,4,87,0,1
20221795,2021,8,2.62,44,0,84,1,0
20221796,2022,6,1.84,62,1,92,0,1
20221797,2022,3,2.34,118,1,97,0,1
20221798,2023,6,3.41,121,0,73,0,1
20221799,2021,4,3.03,64,3,70,1,1
20221800,2022,3,3.31,47,1,61,1,0
20221801,2021,4,2.69,134,2,89,1,0
20221802,2022,8,2.42,60,1,89,0,0
20221803,2022,3,2.77,41,4,63,1,1
20221804,2021,8,2.45,61,0,72,1,0
20221805,2022,8,3.48,111,4,66,1,1
20221806,2022,6,2.4,126,3,97,1,0
20221807,2023,4,3.12,135,2,62,1,0
20221808,2022,8,2.07,111,0,68,0,1
20221809,2022,4,3.17,107,1,73,0,1
20221810,2022,4,3.63,103,2,70,0,1
20221811,2023,3,3.02,133,1,96,0,0
20221812,2021,5,2.92,58,3,73,0,1
20221813,2023,6,3.72,126,0,78,1,0
20221814,2023,8,3.05,121,3,67,1,1
20221815,2021,4,2.32,92,3,66,0,1
20221816,2023,7,2.38,132,3,66,1,1
20221817,2021,5,3.21,126,3,62,0,1
20221818,2023,8,3.27,136,1,62,0,1
20221819,2021,7,2.41,91,4,77,1,0
20221820,2022,6,2.49,86,1,92,0,0
20221821,2023,6,3.78,121,2,96,1,0
20221822,2023,4,2.0,93,3,87,0,1
20221823,2023,4,2.61,83,2,95,1,0
20221824,2023,8,1.92,136,1,75,1,0
20221825,2022,3,3.44,46,3,74,1,1
20221826,2023,5,1.98,131,1,88,1,0
20221827,2022,8,3.15,40,3,77,1,1
20221828,2022,5,1.91,102,1,78,1,0
20221829,2022,4,3.15,137,0,88,0,0
20221830,2022,6,3.49,78,4,65,0,1
20221831,2021,4,2.6,58,4,86,1,0
20221832,2021,6,2.84,70,3,66,1,1
20221833,2023,8,2.6,116,0,86,0,0
20221834,2021,6,2.4,63,2,78,0,0
20221835,2021,4,3.41,108,0,76,0,0
20221836,2023,2,2.34,126,3,70,0,1
20221837,2023,5,3.25,122,0,64,0,1
20221838,2023,7,2.21,104,2,61,1,1
20221839,2021,6,2.3,72,3,71,0,1
20221840,2021,6,2.47,98,4,70,0,1
20221841,2023,2,2.98,72,0,69,0,1
20221842,2022,8,2.71,71,4,87,1,0
20221843,2023,8,3.29,98,4,66,0,1
20221844,2022,8,2.23,131,1,73,0,1
20221845,2022,7,1.82,80,2,72,1,1
20221846,2023,3,3.35,51,0,64,1,0
20221847,2023,2,3.44,112,4,67,0,1
20221848,2023,7,1.92,50,4,60,1,1
20221849,2021,2,3.02,136,2,64,0,1
20221850,2022,6,2.56,58,4,70,0,1
20221851,2021,5,3.39,93,4,69,1,1
20221852,2021,2,3.55,96,4,74,0,1
20221853,2023,3,3.5,81,4,98,1,0
20221854,2021,4,3.35,137,1,88,1,0
20221855,2023,7,2.34,110,1,84,1,0
20221856,2022,2,3.42,70,3,65,1,1
20221857,2023,2,2.87,91,0,70,0,1
20221858,2021,3,1.91,41,2,76,0,1
20221859,2021,5,2.71,122,3,74,0,1
20221860,2023,2,3.68,77,1,75,1,0
20221861,2023,2,3.58,71,1,61,0,1
20221862,2021,5,2.0,49,1,95,1,1
20221863,2022,3,3.29,47,3,78,0,1
20221864,2022,7,3.41,129,1,97,1,0
20221865,2023,7,2.34,133,3,80,0,1
20221866,2022,2,2.74,114,1,70,0,1
20221867,2021,5,3.22,59,4,62,1,1
20221868,2023,2,2.68,59,4,93,0,1
20221869,2021,8,2.03,48,0,77,1,0
20221870,2021,4,3.21,111,1,74,1,1
20221871,2022,7,3.62,54,0,84,0,0
20221872,2023,8,3.1,137,3,74,0,1
20221873,2023,6,3.35,127,0,89,0,0
20221874,2022,4,2.52,136,1,76,1,0
20221875,2021,2,2.17,102,3,77,1,1
20221876,2021,3,3.09,130,3,90,1,0
20221877,2021,7,2.46,60,4,77,1,1
20221878,2021,6,3.52,44,3,94,1,0
20221879,2023,4,2.05,74,3,72,1,1
20221880,2023,7,2.67,124,0,73,1,0
20221881,2022,5,2.59,107,3,95,1,0
20221882,2022,3,3.68,87,2,77,1,0
20221883,2023,4,2.11,119,4,64,0,1
20221884,2023,5,1.82,134,4,73,1,1
20221885,2021,8,2.28,129,3,84,1,1
20221886,2021,2,3.44,101,0,98,0,0
20221887,2022,5,2.22,74,4,71,0,1
20221888,2023,4,2.28,109,4,99,1,1
20221889,2022,4,2.06,136,2,87,0,1
20221890,2023,8,3.23,60,3,94,0,1
20221891,2021,2,1.94,119,4,60,1,1
20221892,2022,5,2.46,78,4,62,1,1
20221893,2022,5,2.36,73,4,66,0,1
20221894,2023,2,2.91,54,4,68,1,1
20221895,2021,5,3.26,45,0,95,0,0
20221896,2022,7,2.87,105,1,82,1,0
20221897,2021,2,3.66,127,2,83,1,0
20221898,2022,3,3.7,95,0,69,0,1
20221899,2021,4,2.52,88,2,71,0,1
20221900,2023,3,3.36,131,4,78,0,1
20221901,2022,7,3.28,40,2,91,0,0
20221902,2022,8,3.59,104,3,83,0,1
20221903,2021,7,2.7,67,3,81,1,0
20221904,2021,6,2.86,139,1,62,1,0
20221905,2022,6,2.63,59,1,99,0,0
20221906,2023,6,3.5,87,2,86,0,0
20221907,2021,2,2.26,111,0,78,0,1
20221908,2021,5,2.28,104,0,68,1,1
20221909,2021,7,2.55,129,4,72,1,1
20221910,2022,3,2.26,90,0,61,0,1
20221911,2022,8,2.92,82,1,95,1,0
20221912,2022,3,2.07,88,0,88,1,0
20221913,2022,3,2.44,64,4,70,0,1
20221914,2023,3,3.63,113,3,93,0,1
20221915,2023,8,2.62,115,0,63,1,0
20221916,2022,6,3.3,80,0,63,1,0
20221917,2023,3,2.03,110,1,60,1,1
20221918,2021,8,2.3,103,2,84,1,0
20221919,2021,8,3.41,100,3,85,1,0
20221920,2021,5,3.33,51,2,70,0,1
20221921,2022,8,2.57,120,4,82,1,0
20221922,2021,6,3.71,108,4,61,0,1
20221923,2023,3,3.62,53,2,78,0,0
20221924,2022,8,3.72,73,1,88,1,0
20221925,2023,2,2.66,87,1,99,0,0
20221926,2021,8,2.19,100,1,63,1,1
20221927,2021,4,3.05,120,3,75,0,1
20221928,2021,4,3.17,74,4,96,1,0
20221929,2022,4,2.05,104,4,86,0,1
20221930,2023,8,3.37,98,4,64,1,1
20221931,2022,6,1.84,75,3,74,1,1
20221932,2022,3,2.77,118,4,82,0,1
20221933,2021,7,2.46,58,2,62,0,1
20221934,2022,7,3.28,81,0,77,0,0
20221935,2022,7,2.43,108,3,85,1,0
20221936,2021,6,3.45,58,0,65,0,1
20221937,2022,5,2.99,78,2,76,0,0
20221938,2021,2,3.39,108,1,97,1,0
20221939,2021,2,3.78,91,1,86,1,0
20221940,2021,4,3.16,51,1,79,0,0
20221941,2021,4,3.77,122,3,65,0,1
20221942,2022,8,1.86,86,1,94,1,0
20221943,2021,7,2.48,115,3,71,1,1
20221944,2021,8,2.02,75,3,62,1,1
20221945,2022,7,2.32,102,0,63,0,1
20221946,2022,4,3.48,115,1,63,0,1
20221947,2023,3,1.86,121,4,63,1,1
20221948,2022,5,2.84,90,1,98,1,0
20221949,2022,8,2.93,82,1,80,1,0
20221950,2023,5,2.92,73,1,61,0,1
20221951,2022,5,2.75,136,4,75,0,1
20221952,2022,5,3.38,88,4,66,0,1
20221953,2022,4,2.07,57,3,78,0,1
20221954,2022,2,2.42,100,4,92,1,0
20221955,2023,4,3.03,96,3,68,1,1
20221956,2022,5,3.18,132,0,96,0,0
20221957,2022,4,2.61,44,3,76,1,0
20221958,2023,5,3.55,128,1,86,1,0
20221959,2021,6,2.63,63,2,92,0,0
20221960,2023,7,2.61,132,2,71,1,0
20221961,2021,2,1.87,103,1,70,0,1
20221962,2023,6,2.9,98,3,72,0,1
20221963,2023,3,3.22,77,1,90,0,1
20221964,2022,4,2.03,72,4,72,1,1
20221965,2021,3,2.41,49,3,97,0,1
20221966,2022,8,3.36,76,1,85,1,0
20221967,2021,4,2.53,136,4,90,1,0
20221968,2023,7,2.28,126,4,81,0,1
20221969,2023,6,3.14,50,3,65,0,1
20221970,2021,7,2.19,63,0,79,0,1
20221971,2022,8,3.59,127,0,80,0,0
20221972,2022,5,2.01,110,4,69,0,1
20221973,2022,7,3.21,60,0,78,1,0
20221974,2022,7,2.8,59,4,94,1,0
20221975,2023,5,3.54,49,0,85,1,0
20221976,2023,4,2.05,128,4,66,0,1
20221977,2023,5,3.16,86,4,96,0,1
20221978,2023,6,2.94,139,4,67,1,1
20221979,2023,7,2.76,86,4,64,0,1
20221980,2022,5,2.78,54,2,95,1,0
20221981,2022,8,3.24,83,0,87,1,0
20221982,2022,8,3.68,101,4,62,1,1
20221983,2022,7,1.98,45,1,98,0,1
20221984,2023,6,1.84,105,3,67,0,1
20221985,2023,3,3.41,115,1,74,1,0
20221986,2023,6,2.02,43,1,86,0,1
20221987,2021,2,3.77,62,2,95,0,0
20221988,2022,2,3.04,52,0,75,0,1
20221989,2022,2,3.1,120,2,85,1,0
20221990,2023,7,2.2,70,0,63,1,1
20221991,2022,8,2.28,55,4,71,1,1
20221992,2022,4,3.12,80,2,76,1,0
20221993,2023,8,3.62,129,3,85,1,0
20221994,2021,4,3.76,131,0,90,0,0
20221995,2021,4,2.2,40,2,74,1,1
20221996,2021,8,2.07,51,3,93,0,1
20221997,2023,7,1.91,95,1,88,1,0
20221998,2022,6,3.54,89,4,68,0,1
20221999,2023,4,2.39,59,4,73,0,1
20222000,2023,3,1.8,105,1,95,1,0
20222001,2022,8,2.25,75,2,63,0,1
20222002,2021,8,2.48,118,1,97,0,0
20222003,2021,2,3.78,77,3,96,0,1
20222004,2023,6,2.85,61,0,83,0,0
20222005,2021,2,2.21,100,2,76,0,1
20222006,2023,8,2.47,89,0,72,0,1
20222007,2023,8,2.46,135,1,79,1,0
20222008,2022,4,1.84,98,4,76,0,1
20222009,2022,6,2.07,59,0,86,1,0
20222010,2022,5,3.19,75,0,92,0,0
20222011,2023,3,2.04,136,4,80,0,1
20222012,2022,4,2.26,54,0,76,0,1
20222013,2021,8,2.5,101,0,81,0,0
20222014,2021,4,3.32,42,4,84,0,1
20222015,2023,3,2.96,132,4,62,0,1
20222016,2023,8,3.18,130,1,86,0,0
20222017,2022,3,2.93,44,1,86,0,0
20222018,2023,5,3.17,95,0,71,1,0
20222019,2023,4,1.81,70,2,74,1,1
20222020,2021,7,3.66,125,1,97,1,0
20222021,2021,4,2.02,74,1,79,1,0
20222022,2022,2,2.61,110,2,81,0,0
20222023,2023,6,3.34,109,2,61,0,1
20222024,2023,6,2.67,65,4,63,0,1
20222025,2021,2,3.69,40,1,72,1,0
20222026,2023,8,2.74,122,3,91,1,0
20222027,2021,6,3.55,46,3,81,1,0
20222028,2022,3,3.42,75,0,84,0,0
20222029,2021,6,3.76,115,1,86,0,0
20222030,2023,6,3.65,123,3,76,1,0
20222031,2022,2,3.6,126,1,65,0,1
20222032,2021,8,3.26,64,1,75,0,1
20222033,2021,5,2.53,133,3,67,0,1
20222034,2022,6,2.01,98,1,92,1,0
20222035,2022,7,3.18,100,2,69,0,1
20222036,2021,6,3.76,68,0,93,1,0
20222037,2023,5,3.25,134,4,78,1,0
20222038,2021,2,3.66,57,3,73,0,1
20222039,2022,5,3.41,80,4,62,0,1
20222040,2021,2,2.13,58,0,82,0,1
20222041,2022,3,2.3,43,2,99,1,0
20222042,2022,2,2.48,104,2,70,1,0
20222043,2023,3,2.14,80,2,65,0,1
20222044,2022,3,2.96,54,2,93,0,0
20222045,2022,2,3.75,93,3,60,1,1
20222046,2023,7,3.32,103,3,94,1,0
20222047,2022,4,2.65,111,1,84,1,0
20222048,2023,2,1.81,54,1,88,1,0
20222049,2023,6,2.43,118,0,82,1,0
20222050,2022,7,2.85,89,1,77,0,0
20222051,2022,7,2.45,61,0,73,1,0
20222052,2021,6,2.02,57,0,76,1,0
20222053,2023,4,2.69,119,0,61,0,1
20222054,2021,7,2.31,41,2,90,1,0
20222055,2022,3,3.62,75,4,78,1,0
20222056,2021,4,2.0,59,4,91,0,1
20222057,2023,8,1.9,55,3,87,1,1
20222058,2021,6,1.81,106,0,67,0,1
20222059,2023,4,2.46,69,2,99,1,0
20222060,2022,2,3.12,94,1,98,1,0
20222061,2022,4,3.26,105,1,81,0,0
20222062,2023,3,2.71,138,3,83,1,0
20222063,2022,2,3.17,65,3,97,1,0
20222064,2022,5,2.52,96,0,61,0,1
20222065,2022,6,3.14,108,0,78,1,0
20222066,2022,6,1.88,41,1,61,1,1
20222067,2023,4,2.58,95,1,87,1,0
20222068,2021,7,3.38,123,1,91,1,0
20222069,2021,2,3.41,101,1,78,1,0
20222070,2022,5,3.23,73,4,75,0,1
20222071,2021,2,2.21,137,0,89,1,0
20222072,2021,6,2.29,95,0,81,1,0
20222073,2022,2,3.79,94,1,73,0,1
20222074,2022,5,2.01,59,2,60,0,1
20222075,2021,7,2.16,89,1,61,0,1
20222076,2023,4,2.06,64,3,81,0,1
20222077,2022,3,2.46,123,2,92,1,0
20222078,2023,2,2.22,64,3,74,1,1
20222079,2021,3,2.8,92,2,81,1,0
20222080,2022,6,2.75,53,3,99,1,0
20222081,2023,4,3.6,99,1,98,1,0
20222082,2022,8,1.87,82,1,70,1,1
20222083,2021,4,2.44,101,2,63,1,0
20222084,2023,2,2.99,115,3,66,0,1
20222085,2021,7,3.01,108,4,80,1,0
20222086,2021,4,2.76,102,2,66,0,1
20222087,2022,2,3.43,41,2,63,0,1
20222088,2023,2,1.93,93,0,71,0,1
20222089,2021,3,3.43,55,2,86,1,0
20222090,2021,4,2.79,94,4,76,1,0
20222091,2023,2,2.07,133,1,79,0,1
20222092,2021,3,3.57,82,3,90,1,0
20222093,2021,5,3.1,100,0,85,1,0
20222094,2023,8,2.13,77,3,90,0,1
20222095,2023,3,1.87,84,1,94,0,1
20222096,2023,3,2.08,90,2,68,1,1
20222097,2023,2,3.02,81,4,64,0,1
20222098,2022,6,2.16,63,0,67,0,1
20222099,2023,6,2.25,69,4,80,0,1
20222100,2022,7,1.85,76,4,75,1,1
20222101,2022,6,3.25,92,4,75,1,1
20222102,2022,3,3.42,102,4,77,0,1
20222103,2021,7,3.39,50,1,87,0,0
20222104,2022,2,2.06,117,4,77,1,1
20222105,2022,4,3.61,62,4,73,1,1
20222106,2021,8,3.14,119,1,96,1,0
20222107,2021,8,3.6,89,3,99,1,1
20222108,2021,3,2.69,124,1,75,1,0
20222109,2023,3,2.67,94,2,80,1,0
20222110,2021,7,3.37,94,1,60,0,1
20222111,2021,2,1.99,43,3,70,0,1
20222112,2022,5,2.84,136,2,70,0,1
20222113,2021,3,3.47,93,2,61,1,0
20222114,2023,5,3.46,100,0,91,0,0
20222115,2021,5,3.71,117,4,78,0,1
20222116,2023,6,3.2,122,2,64,0,1
20222117,2021,2,2.22,44,2,62,0,1
20222118,2021,8,1.84,139,3,87,0,1
20222119,2021,8,2.76,134,2,85,0,0
20222120,2021,5,2.83,57,3,82,0,1
20222121,2023,8,2.28,83,4,89,1,1
20222122,2023,2,2.05,70,0,67,0,1
20222123,2022,6,2.97,133,0,95,0,0
20222124,2023,2,3.33,60,4,88,1,0
20222125,2021,3,3.79,86,4,72,0,1
20222126,2022,5,3.32,69,1,84,1,0
20222127,2022,2,3.39,94,2,81,0,0
20222128,2022,8,3.03,107,2,92,1,0
20222129,2021,4,3.77,108,2,96,0,0
20222130,2023,2,3.08,80,3,66,0,1
20222131,2021,5,3.52,84,1,82,0,0
20222132,2022,6,3.69,113,2,65,0,1
20222133,2021,8,3.66,130,3,74,0,1
20222134,2021,6,2.56,119,3,74,1,1
20222135,2023,5,1.96,69,0,99,0,1
20222136,2023,8,2.14,116,3,93,1,1
20222137,2022,3,1.92,139,4,73,0,1
20222138,2021,8,2.01,124,3,88,0,1
20222139,2021,3,2.17,84,4,75,0,1
20222140,2023,6,2.48,84,4,88,1,0
20222141,2021,6,2.89,118,0,82,1,0
20222142,2021,5,3.22,123,0,69,1,0
20222143,2021,3,2.22,123,3,63,1,1
20222144,2023,6,3.15,84,0,71,1,0
20222145,2022,3,3.21,94,0,93,0,0
20222146,2022,6,2.92,98,2,63,0,1
20222147,2021,8,3.61,44,3,79,1,1
20222148,2022,2,2.02,71,3,87,1,1
20222149,2023,4,2.15,45,3,87,0,1
20222150,2023,8,2.66,133,0,65,0,1
20222151,2022,7,2.05,65,0,73,1,1
20222152,2022,2,2.93,76,4,94,1,0
20222153,2021,7,2.6,52,1,60,0,1
20222154,2022,6,2.37,132,1,78,1,0
20222155,2021,4,2.14,108,1,60,0,1
20222156,2021,4,2.47,64,2,72,1,0
20222157,2023,6,3.02,52,0,67,1,0
20222158,2023,6,2.95,127,4,77,0,1
20222159,2023,3,2.13,134,4,94,0,1
20222160,2023,6,2.05,59,1,82,1,0
20222161,2022,5,1.85,111,2,85,0,1
20222162,2023,6,1.82,99,2,97,1,0
20222163,2022,5,3.56,112,1,79,1,0
20222164,2023,6,1.89,60,1,61,0,1
20222165,2022,3,3.26,100,0,85,0,0
20222166,2021,5,3.54,123,2,95,0,1
20222167,2022,2,2.0,118,4,84,1,1
20222168,2022,5,2.67,65,1,89,0,0
20222169,2023,8,3.72,93,0,77,0,1
20222170,2022,3,3.47,81,4,66,0,1
20222171,2021,7,2.78,50,2,86,1,0
20222172,2021,5,3.33,76,1,70,0,1
20222173,2023,8,3.47,50,1,96,0,0
20222174,2021,8,2.5,66,0,67,0,1
20222175,2022,8,3.58,133,0,70,0,1
20222176,2021,6,2.74,122,2,83,1,0
20222177,2023,8,2.86,73,1,89,1,0
20222178,2022,6,3.8,77,0,89,1,0
20222179,2023,7,3.49,100,1,74,1,0
20222180,2022,3,2.52,126,2,94,0,1
20222181,2021,4,1.82,92,1,98,1,0
20222182,2023,6,3.05,104,4,83,0,1
20222183,2023,8,3.21,42,1,67,1,0
20222184,2022,8,3.1,106,3,79,0,1
20222185,2023,2,3.74,67,3,85,0,1
20222186,2022,8,3.53,53,2,83,0,0
20222187,2022,3,2.7,91,2,81,1,0
20222188,2022,5,1.93,69,2,64,1,1
20222189,2022,5,2.75,97,4,74,1,1
20222190,2021,8,3.18,93,4,95,0,1
20222191,2022,2,3.02,108,1,96,1,0
20222192,2023,6,2.88,54,0,88,0,0
20222193,2021,3,2.74,77,3,74,1,1
20222194,2023,2,2.39,117,3,86,1,1
20222195,2021,6,2.35,53,3,67,1,1
20222196,2022,3,2.8,96,1,88,1,0
20222197,2021,8,2.12,98,1,78,1,0
20222198,2021,5,2.48,47,2,90,0,0
20222199,2023,3,2.45,111,0,68,1,0
20222200,2023,8,2.97,58,2,69,1,0
20222201,2022,7,1.93,71,1,96,1,0
20222202,2021,4,3.46,134,4,69,0,1
20222203,2021,3,2.92,68,2,92,1,0
20222204,2021,4,3.14,80,1,84,1,0
20222205,2022,3,3.21,114,1,63,0,1
20222206,2022,4,2.38,84,4,64,1,1
20222207,2022,7,2.74,52,4,82,0,1
20222208,2022,5,3.71,66,4,98,0,1
20222209,2022,6,3.33,58,0,64,1,0
20222210,2023,4,3.74,65,1,67,0,1
20222211,2021,7,3.29,92,4,76,1,0
20222212,2021,4,2.15,90,0,60,0,1
20222213,2021,5,1.93,76,3,71,1,1
20222214,2021,4,2.96,48,3,94,0,1
20222215,2021,7,2.52,131,3,73,0,1
20222216,2021,8,2.35,135,1,77,0,1
20222217,2021,7,3.41,91,0,69,1,0
20222218,2021,2,2.53,93,0,74,0,1
20222219,2023,5,2.43,42,3,92,1,0
20222220,2021,8,3.5,135,2,78,1,0
20222221,2023,2,3.49,108,3,93,0,1
20222222,2022,5,2.51,47,1,84,1,0
20222223,2021,8,3.46,53,3,75,1,0
20222224,2022,4,3.5,42,3,67,0,1
20222225,2022,8,2.65,63,0,94,1,0
20222226,2022,7,1.93,52,3,80,1,1
20222227,2023,2,1.8,82,4,78,0,1
20222228,2022,4,2.85,68,4,70,0,1
20222229,2022,7,2.49,111,2,70,0,1
20222230,2022,5,3.79,90,1,70,0,1
20222231,2021,8,3.34,81,1,81,1,0
20222232,2021,7,3.32,70,0,80,1,0
20222233,2023,4,3.71,102,1,86,1,0
20222234,2023,2,3.58,65,2,77,0,0
20222235,2021,2,2.44,57,4,99,1,0
20222236,2023,8,2.13,121,0,97,0,1
20222237,2021,7,3.29,96,4,89,1,0
20222238,2022,4,2.56,46,2,92,0,0
20222239,2022,3,2.75,87,0,80,1,0
20222240,2023,5,3.06,119,3,61,1,1
20222241,2021,5,3.62,99,1,72,0,1
20222242,2021,4,2.64,72,2,61,1,0
20222243,2023,3,3.37,42,0,90,1,0
20222244,2021,2,2.34,43,4,69,1,1
20222245,2022,8,3.2,139,0,82,1,0
20222246,2023,6,1.8,43,3,81,0,1
20222247,2023,6,3.54,81,2,88,1,0
20222248,2021,8,1.86,48,0,92,0,1
20222249,2023,4,3.23,90,2,90,0,0
20222250,2021,3,1.89,56,2,73,0,1
20222251,2021,3,2.33,56,4,69,1,1
20222252,2021,5,2.79,136,1,77,0,1
20222253,2021,2,2.64,59,3,70,0,1
20222254,2021,7,2.18,53,0,98,0,1
20222255,2023,3,2.47,61,1,62,1,1
20222256,2022,8,3.26,91,4,61,1,1
20222257,2022,7,3.14,66,1,67,0,1
20222258,2023,6,1.94,82,2,90,0,1
20222259,2023,7,3.29,42,2,67,1,1
20222260,2022,2,1.91,127,3,61,0,1
20222261,2022,8,2.89,133,0,81,1,0
20222262,2022,2,2.32,47,0,64,0,1
20222263,2022,7,2.98,125,4,66,1,1
20222264,2022,4,2.32,128,3,79,1,1
20222265,2021,3,3.77,49,0,87,1,0
20222266,2023,8,2.42,68,2,72,0,1
20222267,2021,4,2.28,79,3,61,0,1
20222268,2022,7,2.36,104,1,91,1,0
20222269,2022,3,3.59,60,3,85,1,1
20222270,2022,5,3.07,63,3,62,0,1
20222271,2021,4,3.26,112,0,72,1,0
20222272,2021,4,3.64,99,4,80,0,1
20222273,2022,7,3.62,65,4,96,1,0
20222274,2021,6,3.28,48,0,82,1,0
20222275,2021,7,2.2,59,0,66,0,1
20222276,2022,4,3.49,95,0,76,0,1
20222277,2021,3,2.21,138,4,87,1,1
20222278,2023,6,3.29,75,0,89,0,0
20222279,2023,7,3.17,75,1,64,1,0
20222280,2023,8,3.32,112,1,83,0,0
20222281,2023,7,2.87,61,2,66,1,0
20222282,2022,4,3.08,40,1,93,0,0
20222283,2022,4,3.71,108,3,92,0,1
20222284,2022,5,2.0,112,2,86,1,0
20222285,2023,7,2.42,76,1,73,1,0
20222286,2023,4,3.02,122,3,78,1,0
20222287,2021,8,3.73,111,1,97,1,0
20222288,2021,2,1.99,135,3,71,1,1
20222289,2023,6,1.85,52,0,62,1,1
20222290,2023,2,1.91,123,3,66,0,1
20222291,2023,6,1.9,139,0,94,1,0
20222292,2023,8,3.62,82,3,84,1,0
20222293,2021,7,3.24,76,3,74,1,1
20222294,2023,5,3.15,133,1,78,1,0
20222295,2021,4,2.85,113,3,78,0,1
20222296,2023,4,3.36,134,1,82,1,0
20222297,2023,4,2.11,64,3,70,1,1
20222298,2023,7,2.58,132,4,80,0,1
20222299,2021,6,2.78,127,2,93,0,1
20222300,2021,8,2.02,60,1,98,1,0
20222301,2022,4,2.64,80,1,66,0,1
20222302,2023,2,2.43,112,0,86,1,0
20222303,2022,4,1.87,81,4,82,0,1
20222304,2022,7,2.07,81,0,97,0,1
20222305,2021,8,3.33,41,4,79,0,1
20222306,2021,5,1.84,107,4,86,0,1
20222307,2022,8,3.67,47,3,67,0,1
20222308,2023,2,1.97,135,0,96,1,0
20222309,2021,4,3.4,100,2,62,1,0
20222310,2023,4,3.6,53,4,61,0,1
20222311,2023,3,3.68,116,4,81,0,1
20222312,2022,6,3.53,60,1,65,0,1
20222313,2022,2,2.38,63,3,98,1,1
20222314,2022,3,2.47,89,2,99,1,0
20222315,2022,8,2.65,121,4,95,1,0
20222316,2021,5,2.08,84,1,83,0,1
20222317,2021,6,1.84,103,0,71,1,1
20222318,2022,2,3.54,103,4,76,0,1
20222319,2021,4,2.91,65,1,81,0,0
20222320,2022,8,3.02,71,0,78,0,0
20222321,2023,2,3.65,96,3,68,0,1
20222322,2023,4,3.13,92,0,71,1,0
20222323,2023,6,3.18,72,4,91,1,0
20222324,2022,4,3.37,91,2,90,0,0
20222325,2023,5,2.03,134,0,76,0,1
20222326,2021,8,2.52,57,2,82,0,0
20222327,2023,7,3.74,74,2,69,0,1
20222328,2023,4,3.65,51,0,89,0,1
20222329,2023,5,3.57,90,3,78,0,1
20222330,2021,7,2.7,128,0,85,1,0
20222331,2022,8,3.51,134,1,85,1,0
20222332,2021,6,1.9,49,2,70,1,1
20222333,2022,6,2.1,91,4,79,0,1
20222334,2022,8,2.63,73,2,63,1,0
20222335,2023,8,2.77,106,4,71,1,1
20222336,2022,2,2.33,78,1,84,1,0
20222337,2021,5,2.51,47,1,69,1,0
20222338,2021,5,2.13,135,1,81,1,0
20222339,2022,8,2.78,68,0,66,0,1
20222340,2023,3,3.39,61,2,83,0,0
20222341,2023,3,3.12,123,4,61,0,1
20222342,2021,7,2.02,109,1,91,1,0
20222343,2023,7,2.78,100,1,80,0,0
20222344,2022,3,3.2,82,4,66,1,1
20222345,2022,8,2.86,88,2,67,0,1
20222346,2021,8,2.58,68,2,97,1,0
20222347,2022,7,3.04,120,4,80,1,1
20222348,2021,4,3.74,70,3,67,0,1
20222349,2022,8,1.99,92,2,84,0,1
20222350,2021,3,2.58,73,4,87,1,0
20222351,2023,5,2.61,77,4,87,1,0
20222352,2022,8,2.95,96,1,90,0,0
20222353,2022,8,2.1,43,4,95,0,1
20222354,2021,4,2.15,41,0,84,1,0
20222355,2021,7,2.37,51,1,96,0,1
20222356,2022,8,3.71,74,1,97,0,0
20222357,2021,6,3.27,109,2,71,0,1
20222358,2022,2,3.12,111,3,96,0,1
20222359,2023,3,3.43,60,2,96,1,0
20222360,2021,6,2.06,100,0,90,1,1
20222361,2022,7,3.52,74,1,77,1,0
20222362,2023,5,2.99,87,1,85,0,0
20222363,2023,2,2.47,54,4,65,1,1
20222364,2022,6,3.43,110,3,68,1,1
20222365,2021,2,3.41,54,3,70,0,1
20222366,2022,3,3.49,45,4,90,0,1
20222367,2023,7,2.03,120,0,61,1,1
20222368,2022,8,3.74,107,3,88,1,0
20222369,2021,5,3.72,61,1,64,0,1
20222370,2023,7,2.51,71,0,82,0,1
20222371,2022,2,1.93,61,2,95,0,1
20222372,2021,6,2.13,66,2,66,0,1
20222373,2023,3,3.79,54,0,72,0,1
20222374,2021,3,2.93,83,1,69,1,0
20222375,2023,7,2.51,125,2,95,1,0
20222376,2022,8,2.38,131,1,75,1,0
20222377,2021,6,2.31,48,4,74,1,1
20222378,2023,8,3.13,73,3,78,0,1
20222379,2021,8,2.64,139,0,80,0,0
20222380,2021,6,3.73,112,3,94,1,0
20222381,2022,2,3.17,54,4,74,0,1
20222382,2021,7,3.38,101,2,73,1,0
20222383,2023,7,2.39,84,1,88,1,0
20222384,2023,4,1.96,123,1,64,1,1
20222385,2023,7,2.78,111,4,77,1,0
20222386,2023,3,2.43,97,0,60,1,0
20222387,2022,2,2.2,131,3,86,1,1
20222388,2021,6,3.71,58,2,86,0,0
20222389,2022,7,2.69,55,0,84,0,0
20222390,2021,2,2.15,114,4,80,1,1
20222391,2021,7,2.2,47,4,73,1,1
20222392,2021,6,2.36,72,1,79,1,0
20222393,2022,5,3.8,113,2,87,0,0
20222394,2021,6,2.34,57,0,80,0,1
20222395,2022,6,2.46,74,1,82,0,0
20222396,2023,6,3.12,82,2,70,1,1
20222397,2023,7,2.39,89,3,61,0,1
20222398,2021,4,2.23,42,3,79,1,1
20222399,2022,6,2.12,130,1,83,0,1
20222400,2023,3,2.43,98,0,84,1,0
20222401,2022,3,2.01,67,2,96,1,0
20222402,2022,2,1.84,85,3,81,1,1
20222403,2021,4,3.41,103,3,83,0,1
20222404,2023,2,2.08,109,0,74,0,1
20222405,2021,3,3.35,86,1,71,0,1
20222406,2021,8,3.4,53,4,90,1,0
20222407,2023,3,2.88,46,2,90,1,0
20222408,2023,5,2.42,113,3,89,0,1
20222409,2022,6,2.09,118,4,79,0,1
20222410,2023,8,3.27,70,0,67,1,0
20222411,2022,3,3.0,132,1,89,1,0
20222412,2022,7,3.11,120,2,94,0,0
20222413,2022,7,1.82,90,0,80,1,1
20222414,2023,2,3.66,68,1,99,0,0
20222415,2021,8,1.93,54,0,87,0,1
20222416,2022,2,2.53,129,3,98,1,0
20222417,2021,6,2.61,115,3,76,0,1
20222418,2021,6,1.8,64,4,71,0,1
20222419,2023,5,2.79,100,0,77,1,0
20222420,2021,4,3.31,80,3,87,0,1
20222421,2021,2,3.45,108,1,62,0,1
20222422,2023,6,3.56,43,4,74,1,1
20222423,2022,2,2.78,96,2,75,1,0
20222424,2021,6,3.06,70,0,81,0,0
20222425,2023,3,1.96,42,3,90,0,1
20222426,2021,2,2.78,106,1,90,1,0
20222427,2021,3,2.11,129,0,60,1,1
20222428,2022,2,2.54,89,1,70,0,1
20222429,2021,4,2.46,56,4,65,0,1
20222430,2023,5,2.65,99,3,82,0,1
20222431,2021,7,2.94,113,3,68,0,1
20222432,2022,7,3.61,105,4,75,1,0
20222433,2022,7,2.59,127,1,97,1,0
20222434,2023,3,3.76,114,0,78,1,0
20222435,2022,8,3.32,63,1,72,1,0
20222436,2021,6,2.82,138,0,91,0,0
20222437,2022,7,3.09,126,4,95,1,0
20222438,2023,4,2.0,71,2,68,0,1
20222439,2022,7,3.49,126,0,96,0,0
20222440,2022,2,2.96,137,3,90,1,0
20222441,2022,3,3.77,58,3,90,1,0
20222442,2023,8,3.07,105,3,78,0,1
20222443,2022,2,3.47,99,1,61,1,1
20222444,2022,8,3.4,105,1,91,0,0
20222445,2021,2,2.49,54,1,93,0,1
20222446,2023,2,2.32,124,3,60,1,1
20222447,2022,5,2.66,74,0,80,0,1
20222448,2023,5,2.73,108,3,62,1,1
20222449,2022,6,2.28,66,0,86,1,0
20222450,2022,3,3.59,127,1,66,1,0
20222451,2022,4,2.89,46,2,92,0,0
20222452,2021,4,3.76,45,1,68,1,0
20222453,2021,4,3.42,72,4,89,0,1
20222454,2021,2,2.91,97,0,77,1,0
20222455,2023,5,3.69,88,2,85,0,0
20222456,2023,3,2.81,56,1,79,0,0
20222457,2021,2,3.57,81,2,97,0,1
20222458,2023,8,2.52,133,3,90,0,1
20222459,2022,5,2.56,111,0,67,0,1
20222460,2022,5,2.64,79,4,82,1,0
20222461,2022,7,2.89,85,3,84,0,1
20222462,2021,7,2.91,110,2,60,1,0
20222463,2023,3,2.79,109,1,77,1,0
20222464,2021,8,2.41,107,0,78,1,0
20222465,2023,3,3.65,40,4,65,1,1
20222466,2022,3,2.98,118,1,76,0,0
20222467,2021,2,2.62,134,4,67,1,1
20222468,2023,6,3.1,128,0,68,1,0
20222469,2023,3,3.34,136,2,96,1,0
20222470,2022,7,3.72,91,4,86,1,1
20222471,2021,6,2.8,74,0,95,1,0
20222472,2021,2,2.02,108,4,65,1,1
20222473,2021,6,2.68,44,1,65,0,1
20222474,2022,4,2.76,139,4,63,0,1
20222475,2021,8,3.59,56,1,81,0,0
20222476,2022,6,2.59,92,1,99,1,0
20222477,2022,3,3.71,91,0,86,1,0
20222478,2022,2,2.77,53,3,96,1,0
20222479,2023,8,3.75,68,4,61,0,1
20222480,2021,3,1.82,47,2,68,1,1
20222481,2021,8,3.6,137,1,70,1,0
20222482,2022,7,3.66,40,3,79,0,1
20222483,2022,4,3.72,68,1,98,1,0
20222484,2021,7,1.83,75,3,73,0,1
20222485,2022,3,2.14,90,3,85,1,1
20222486,2021,3,3.11,76,2,97,1,0
20222487,2023,3,1.85,132,3,89,1,1
20222488,2022,5,1.93,108,2,95,0,1
20222489,2021,4,2.24,92,0,97,1,0
20222490,2022,8,2.82,135,1,94,0,0
20222491,2021,3,2.89,91,2,65,1,0
20222492,2021,3,1.87,127,1,62,0,1
20222493,2022,8,2.14,122,4,60,1,1
20222494,2023,7,2.8,51,0,77,0,0
20222495,2021,7,2.99,91,4,82,0,1
20222496,2021,3,2.1,40,4,91,1,1
20222497,2021,2,2.6,46,3,88,0,1
20222498,2023,5,3.61,56,3,82,0,1
20222499,2023,7,3.8,137,4,95,0,1
20222500,2022,2,3.77,82,3,65,1,1
20222501,2023,5,3.56,110,1,76,0,0
20222502,2022,3,2.59,56,3,77,1,0
20222503,2022,4,3.17,98,4,90,0,1
20222504,2023,6,2.63,42,3,65,0,1
20222505,2022,6,3.1,68,3,93,0,1
20222506,2023,3,2.42,61,2,86,0,0
20222507,2022,7,3.01,77,2,95,1,0
20222508,2023,2,2.85,93,4,84,1,1
20222509,2023,4,1.85,132,1,69,0,1
20222510,2022,8,3.38,89,0,98,1,0
20222511,2021,5,1.82,108,0,98,1,0
20222512,2022,3,2.39,69,4,71,0,1
20222513,2023,4,1.81,62,1,70,0,1
20222514,2021,4,2.55,124,1,62,0,1
20222515,2022,7,1.93,129,1,81,0,1
20222516,2022,5,3.63,86,2,63,0,1
20222517,2022,4,2.63,60,4,67,0,1
20222518,2021,7,2.72,59,0,73,1,0
20222519,2023,2,2.5,62,1,79,0,0
20222520,2022,7,3.06,107,4,83,0,1
20222521,2022,2,3.37,60,0,73,0,1
20222522,2022,2,3.1,60,2,87,1,0
20222523,2022,8,3.3,40,3,75,0,1
20222524,2022,8,3.61,54,0,91,1,0
20222525,2023,4,3.53,56,0,71,1,1
20222526,2023,7,3.15,90,0,75,1,0
20222527,2022,8,2.23,102,3,78,0,1
20222528,2021,2,3.08,53,1,64,1,0
20222529,2023,8,2.81,98,3,71,0,1
20222530,2021,5,3.23,122,0,88,0,0
20222531,2023,4,3.47,89,2,64,0,1
20222532,2022,7,3.29,73,0,76,0,0
20222533,2023,7,3.49,45,2,67,1,0
20222534,2022,6,1.93,88,4,99,0,1
20222535,2023,7,1.86,45,2,99,1,0
20222536,2022,4,2.32,108,0,89,1,0
20222537,2022,5,3.6,46,3,69,0,1
20222538,2022,7,3.45,136,0,79,0,1
20222539,2022,6,3.17,116,0,75,1,0
20222540,2021,4,3.2,90,4,75,1,0
20222541,2022,2,3.25,40,1,62,0,1
20222542,2021,3,3.69,52,0,82,0,0
20222543,2021,3,3.46,82,4,81,0,1
20222544,2022,2,3.05,66,3,87,1,0
20222545,2021,8,3.13,110,4,95,0,1
20222546,2023,7,2.23,42,4,63,0,1
20222547,2022,3,3.11,97,2,97,0,0
20222548,2021,8,2.65,128,1,83,0,0
20222549,2022,3,2.11,136,1,78,1,0
20222550,2022,2,3.41,56,3,70,1,1
20222551,2022,7,2.82,84,4,99,0,1
20222552,2021,7,3.75,117,3,99,1,0
20222553,2023,8,2.36,97,3,98,0,1
20222554,2023,2,2.76,95,1,77,1,0
20222555,2021,8,2.7,93,1,71,1,0
20222556,2022,7,2.04,126,1,73,0,1
20222557,2021,7,2.65,127,0,77,0,0
20222558,2021,4,2.38,68,4,71,0,1
20222559,2021,8,2.12,93,3,99,0,1
20222560,2022,4,2.36,66,4,86,1,1
20222561,2021,2,2.27,84,3,65,0,1
20222562,2022,5,3.27,126,3,83,0,1
20222563,2021,3,1.86,70,3,92,0,1
20222564,2023,4,3.03,75,3,75,0,1
20222565,2021,3,3.32,120,2,71,0,1
20222566,2021,6,2.76,100,2,90,0,0
20222567,2023,2,3.66,76,0,96,1,0
20222568,2022,5,3.22,106,1,72,0,1
20222569,2022,6,3.3,75,3,67,1,1
20222570,2021,6,2.19,44,4,97,0,1
20222571,2023,7,3.35,85,2,62,1,0
20222572,2022,6,3.46,118,1,79,1,0
20222573,2021,2,2.52,91,0,63,1,0
20222574,2023,4,2.23,88,1,61,0,1
20222575,2022,2,2.57,45,3,95,1,0
20222576,2022,4,3.28,49,1,82,0,0
20222577,2023,6,2.64,135,3,78,1,0
20222578,2023,6,3.27,62,2,99,0,0
20222579,2023,5,2.03,56,2,67,0,1
20222580,2023,4,3.41,123,3,75,1,0
20222581,2021,6,2.31,83,4,77,0,1
20222582,2023,7,2.3,80,2,95,1,0
20222583,2022,3,2.98,54,4,83,1,1
20222584,2022,5,1.94,83,3,60,0,1
20222585,2021,2,1.85,97,3,60,1,1
20222586,2022,5,2.32,125,2,95,0,1
20222587,2022,3,2.88,89,4,70,1,1
20222588,2023,4,3.62,91,3,77,0,1
20222589,2022,2,3.49,109,2,75,0,0
20222590,2021,2,2.78,107,3,76,0,1
20222591,2023,4,1.87,102,1,83,1,0
20222592,2023,8,2.87,97,1,93,0,0
20222593,2021,8,3.21,62,2,63,0,1
20222594,2023,5,2.48,83,3,94,0,1
20222595,2023,6,2.02,122,2,74,0,1
20222596,2021,8,2.36,134,0,61,0,1
20222597,2023,5,3.34,83,2,90,0,0
20222598,2021,8,2.5,91,2,68,0,1
20222599,2021,3,3.42,106,1,69,0,1
20222600,2022,7,2.44,67,1,84,0,0
20222601,2022,6,2.13,106,3,64,1,1
20222602,2023,5,2.67,117,2,73,0,1
20222603,2023,7,2.7,57,2,97,0,0
20222604,2021,7,1.83,66,3,99,0,1
20222605,2023,8,2.03,90,4,61,1,1
20222606,2021,4,2.17,99,3,77,0,1
20222607,2021,3,2.03,113,1,88,0,1
20222608,2023,3,2.48,88,1,79,1,0
20222609,2021,3,3.73,54,2,67,1,0
20222610,2022,6,2.82,122,1,96,1,0
20222611,2023,2,3.06,112,3,85,0,1
20222612,2022,6,2.51,107,2,96,0,1
20222613,2023,5,2.45,54,3,63,0,1
20222614,2021,7,1.85,90,3,92,0,1
20222615,2023,7,2.8,87,2,81,1,0
20222616,2022,2,2.77,111,4,65,1,1
20222617,2021,5,2.12,40,1,92,0,1
20222618,2023,2,3.33,46,0,87,1,0
20222619,2023,7,2.79,92,0,83,0,0
20222620,2023,8,2.48,70,0,63,0,1
20222621,2022,6,2.09,57,1,61,0,1
20222622,2022,3,2.9,51,4,72,0,1
20222623,2023,7,3.31,87,3,70,1,1
20222624,2021,4,2.36,69,2,94,1,0
20222625,2021,3,2.24,136,4,98,0,1
20222626,2022,7,2.84,46,0,69,0,1
20222627,2021,6,2.11,131,1,69,1,1
20222628,2022,2,3.13,42,1,67,1,0
20222629,2023,8,3.01,102,2,64,0,1
20222630,2022,8,1.97,45,3,82,1,1
20222631,2022,3,1.87,134,4,93,1,1
20222632,2023,6,3.04,54,4,91,1,0
20222633,2021,8,2.39,110,4,75,0,1
20222634,2022,8,1.97,82,3,63,1,1
20222635,2022,5,3.32,133,3,87,1,0
20222636,2023,4,2.43,130,3,73,1,1
20222637,2021,3,2.72,120,2,71,1,0
20222638,2022,2,2.27,57,1,80,1,0
20222639,2023,8,3.05,61,0,75,0,1
20222640,2022,5,2.4,100,3,61,1,1
20222641,2023,6,3.74,100,1,82,1,0
20222642,2021,8,3.21,92,3,88,1,0
20222643,2021,4,2.07,65,0,68,1,1
20222644,2021,2,2.63,130,3,66,0,1
20222645,2021,6,2.57,79,1,88,0,0
20222646,2022,6,2.87,127,2,76,0,0
20222647,2022,3,3.48,47,0,68,1,0
20222648,2021,8,2.97,60,1,65,1,0
20222649,2021,3,1.92,132,4,79,0,1
20222650,2021,2,3.11,82,4,69,0,1
20222651,2022,8,1.82,60,4,68,0,1
20222652,2021,7,3.36,42,2,71,0,1
20222653,2021,8,3.13,70,3,92,0,1
20222654,2021,7,2.42,66,3,91,0,1
20222655,2023,6,2.38,66,3,93,1,1
20222656,2021,3,3.4,112,2,78,1,0
20222657,2023,4,3.37,96,4,92,0,1
20222658,2023,8,2.5,136,3,75,1,0
20222659,2021,4,2.4,72,2,82,1,0
20222660,2023,8,2.92,129,2,85,0,0
20222661,2021,6,1.82,131,1,96,0,1
20222662,2022,3,1.97,83,3,68,1,1
20222663,2022,2,2.05,82,4,89,1,1
20222664,2022,2,2.17,70,0,72,1,1
20222665,2022,2,2.82,104,2,75,0,0
20222666,2023,8,3.78,123,1,61,1,1
20222667,2021,8,3.11,115,0,90,0,0
20222668,2021,4,1.92,56,2,78,0,1
20222669,2021,3,2.85,54,1,70,1,0
20222670,2022,8,2.79,73,3,73,0,1
20222671,2022,3,2.09,119,1,84,0,1
20222672,2021,4,3.64,43,2,66,0,1
20222673,2022,8,2.68,111,3,74,1,1
20222674,2021,2,3.79,137,4,89,1,0
20222675,2021,2,2.64,128,1,90,1,0
20222676,2021,6,3.02,118,0,83,0,0
20222677,2021,7,2.01,67,3,84,1,1
20222678,2021,5,2.71,112,3,67,0,1
20222679,2021,7,2.28,41,4,89,1,1
20222680,2021,8,3.47,56,1,95,0,0
20222681,2022,3,3.37,97,0,73,1,0
20222682,2021,8,3.45,113,4,88,1,0
20222683,2021,3,3.25,48,1,86,0,0
20222684,2022,3,3.47,70,0,95,0,0
20222685,2022,7,2.2,105,0,93,1,0
20222686,2022,5,2.7,127,2,80,1,0
20222687,2021,6,3.18,101,0,97,0,0
20222688,2023,7,3.07,58,1,70,1,0
20222689,2023,5,3.23,120,4,92,0,1
20222690,2022,2,2.25,113,4,74,0,1
20222691,2023,2,2.0,94,2,71,0,1
20222692,2022,3,3.63,67,1,83,0,0
20222693,2021,4,2.92,131,0,96,0,0
20222694,2023,8,2.11,89,2,70,0,1
20222695,2021,8,3.39,104,3,78,0,1
20222696,2023,3,3.63,42,1,60,0,1
20222697,2021,4,2.14,118,2,76,0,1
20222698,2023,5,3.43,91,4,99,0,1
20222699,2021,2,3.67,49,2,75,0,0
20222700,2021,8,3.68,60,3,85,0,1
20222701,2023,7,3.63,76,1,74,0,1
20222702,2021,4,2.89,54,2,67,0,1
20222703,2021,5,2.51,126,0,89,0,0
20222704,2021,2,1.81,117,1,73,0,1
20222705,2023,7,1.92,118,2,92,1,0
20222706,2023,4,2.66,113,2,66,1,0
20222707,2021,3,2.6,48,1,77,0,0
20222708,2021,3,2.17,83,4,71,1,1
20222709,2023,3,2.59,78,0,61,1,0
20222710,2023,8,2.15,44,1,88,1,0
20222711,2021,5,3.5,64,0,80,0,0
20222712,2021,3,2.4,95,0,66,0,1
20222713,2021,8,3.0,129,1,86,0,0
20222714,2022,6,2.81,103,2,71,1,0
20222715,2023,8,1.9,111,4,79,1,1
20222716,2022,2,3.68,125,0,73,0,1
20222717,2023,8,2.85,91,0,69,1,1
20222718,2023,5,2.45,128,2,82,1,0
20222719,2023,7,2.12,115,1,89,0,1
20222720,2023,8,2.48,48,4,90,1,0
20222721,2023,3,1.84,49,0,69,1,1
20222722,2023,2,2.53,49,0,78,0,0
20222723,2023,4,2.86,112,1,78,1,0
20222724,2022,3,3.54,101,2,82,0,1
20222725,2021,2,3.17,129,3,91,0,1
20222726,2021,6,2.02,138,2,79,0,1
20222727,2022,4,2.1,130,0,63,0,1
20222728,2022,6,2.66,99,0,92,0,0
20222729,2022,7,2.19,134,4,60,0,1
20222730,2022,2,1.86,58,2,72,0,1
20222731,2023,6,3.41,77,3,62,1,1
20222732,2021,7,1.84,45,4,71,0,1
20222733,2023,2,3.46,54,3,88,1,0
20222734,2021,2,2.09,132,4,90,1,1
20222735,2021,6,3.75,86,2,95,0,0
20222736,2022,2,3.01,84,0,61,1,0
20222737,2023,3,3.27,44,3,81,0,1
20222738,2022,2,2.02,117,2,81,0,1
20222739,2023,5,3.52,92,3,90,0,1
20222740,2021,7,3.48,105,2,73,0,1
20222741,2022,2,3.11,101,4,88,0,1
20222742,2022,5,2.8,62,2,94,0,0
20222743,2021,2,3.24,83,4,68,1,1
20222744,2021,2,1.81,91,0,91,1,0
20222745,2021,6,2.98,85,4,86,1,1
20222746,2022,3,3.49,58,1,69,1,0
20222747,2023,7,2.51,127,0,84,1,0
20222748,2022,3,2.02,123,2,92,0,1
20222749,2023,4,2.64,86,2,70,1,0
20222750,2022,6,3.25,130,1,96,0,0
20222751,2022,6,2.01,91,2,68,0,1
20222752,2021,3,2.21,63,0,66,0,1
20222753,2023,8,2.1,56,0,66,0,1
20222754,2022,6,3.39,128,4,93,0,1
20222755,2022,3,1.93,85,3,78,0,1
20222756,2021,6,3.17,103,2,79,0,0
20222757,2021,2,2.53,134,1,84,1,0
20222758,2023,3,3.31,67,0,64,0,1
20222759,2022,3,3.73,89,0,88,0,0
20222760,2023,5,2.03,103,0,86,1,0
20222761,2022,6,2.43,67,3,84,1,0
20222762,2023,6,3.42,125,3,96,0,1
20222763,2021,3,2.33,95,2,74,1,1
20222764,2022,2,2.23,98,1,63,0,1
20222765,2023,2,3.45,44,3,73,0,1
20222766,2021,7,3.77,93,4,76,0,1
20222767,2021,2,2.91,83,3,80,0,1
20222768,2023,6,2.36,81,0,75,1,0
20222769,2022,8,2.6,111,1,85,1,0
20222770,2022,5,2.14,131,2,68,1,1
20222771,2021,3,3.32,96,3,61,0,1
20222772,2022,4,3.35,86,0,74,0,1
20222773,2022,5,3.55,115,4,94,1,1
20222774,2022,8,1.85,64,4,83,1,1
20222775,2021,4,2.92,83,2,97,0,0
20222776,2023,5,2.23,54,2,73,1,1
20222777,2022,2,2.48,90,3,96,1,0
20222778,2021,6,3.37,92,2,96,0,0
20222779,2021,8,2.18,73,0,65,1,1
20222780,2023,4,3.08,116,0,77,0,0
20222781,2022,8,3.11,47,0,81,1,0
20222782,2022,5,3.71,116,3,77,1,0
20222783,2023,6,3.35,139,3,61,0,1
20222784,2023,8,3.41,109,2,91,0,0
20222785,2021,4,2.86,135,3,76,0,1
20222786,2021,3,2.17,60,0,60,0,1
20222787,2023,5,2.65,46,1,68,0,1
20222788,2022,3,2.9,129,0,72,0,1
20222789,2021,2,3.16,118,1,95,1,0
20222790,2021,3,3.02,95,2,96,1,0
20222791,2022,3,2.59,88,4,89,0,1
20222792,2021,7,2.33,81,3,90,0,1
20222793,2022,5,2.14,62,3,82,0,1
20222794,2022,2,3.19,91,0,87,1,0
20222795,2022,3,3.09,118,0,69,1,0
20222796,2023,6,3.17,92,1,84,1,0
20222797,2023,4,2.55,55,3,95,1,0
20222798,2023,3,2.32,135,2,85,0,1
20222799,2022,2,3.32,76,0,85,1,0
20222800,2022,3,3.35,57,3,72,1,1
20222801,2023,4,2.71,59,4,76,1,0
20222802,2021,2,3.02,85,1,99,0,0
20222803,2022,5,2.55,41,0,63,1,0
20222804,2021,2,3.2,126,0,82,0,0
20222805,2021,5,3.47,133,2,94,1,0
20222806,2022,2,3.18,102,0,70,1,0
20222807,2022,8,2.83,42,3,71,1,1
20222808,2021,4,2.72,85,3,68,0,1
20222809,2021,4,3.08,88,3,74,1,1
20222810,2023,2,3.16,40,4,96,1,0
20222811,2023,8,2.92,61,4,64,0,1
20222812,2022,3,3.05,132,0,78,1,0
20222813,2023,4,1.99,53,4,70,1,1
20222814,2023,5,3.7,131,4,68,1,1
20222815,2023,5,3.38,124,2,94,1,0
20222816,2023,6,2.55,84,4,86,1,0
20222817,2021,7,2.93,135,1,72,0,1
20222818,2022,8,1.89,45,1,71,1,1
20222819,2023,7,1.88,104,1,68,1,1
20222820,2021,7,2.3,60,0,87,0,1
20222821,2021,5,3.18,43,3,72,0,1
20222822,2021,6,3.5,42,2,79,1,0
20222823,2023,7,2.92,69,0,72,1,0
20222824,2023,7,2.86,70,3,86,1,1
20222825,2022,2,2.6,73,2,85,0,0
20222826,2023,2,2.12,122,2,88,1,0
20222827,2023,2,2.04,59,2,88,0,1
20222828,2021,3,3.32,126,1,81,0,0
20222829,2022,7,3.66,93,1,68,0,1
20222830,2023,3,2.72,64,1,83,1,0
20222831,2023,6,3.12,54,2,78,1,0
20222832,2021,8,3.63,77,2,97,1,0
20222833,2021,5,1.98,62,1,90,0,1
20222834,2023,7,3.34,91,2,98,1,0
20222835,2022,5,3.03,105,1,74,1,0
20222836,2022,8,3.0,96,1,91,0,0
20222837,2021,2,2.39,96,1,88,0,1
20222838,2021,7,3.17,118,3,93,0,1
20222839,2023,4,3.39,91,2,68,0,1
20222840,2021,3,2.03,74,0,94,0,1
20222841,2023,3,2.87,113,1,65,1,0
20222842,2022,7,2.0,53,0,96,0,1
20222843,2022,8,3.55,130,3,73,1,1
20222844,2023,2,2.82,53,2,68,0,1
20222845,2021,3,3.42,138,1,78,1,0
20222846,2022,2,2.54,72,1,82,1,0
20222847,2021,6,2.05,91,1,87,0,1
20222848,2022,5,1.88,40,0,75,0,1
20222849,2023,8,2.36,73,3,85,1,1
20222850,2023,4,2.29,58,2,97,0,1
20222851,2023,5,2.92,63,3,99,0,1
20222852,2022,5,1.84,43,1,84,0,1
20222853,2021,6,2.84,75,3,94,0,1
20222854,2021,3,2.58,116,0,64,0,1
20222855,2021,4,2.95,97,4,66,0,1
20222856,2022,3,3.2,71,4,82,0,1
20222857,2022,7,3.07,48,2,84,0,0
20222858,2022,5,3.77,119,2,60,1,0
20222859,2022,7,2.08,106,3,81,1,1
20222860,2022,2,2.66,59,2,63,0,1
20222861,2021,5,2.65,113,0,87,0,0
20222862,2022,3,2.63,101,1,73,1,0
20222863,2022,5,3.13,97,1,92,0,0
20222864,2021,2,2.78,61,3,63,0,1
20222865,2022,6,2.83,106,1,70,0,1
20222866,2021,7,2.66,114,3,98,0,1
20222867,2021,7,3.78,128,2,91,1,0
20222868,2023,3,3.66,87,2,63,0,1
20222869,2023,5,2.42,47,0,60,1,0
20222870,2023,3,2.02,112,1,85,0,1
20222871,2023,6,3.48,54,0,92,1,0
20222872,2022,5,3.79,71,4,76,1,0
20222873,2023,5,2.39,92,0,86,1,0
20222874,2021,3,2.52,106,3,64,0,1
20222875,2022,3,3.68,43,3,66,0,1
20222876,2023,2,3.22,69,0,84,0,0
20222877,2021,8,2.39,52,2,67,1,1
20222878,2022,8,2.96,60,4,93,0,1
20222879,2022,6,3.69,80,0,63,0,1
20222880,2023,8,3.42,58,2,71,1,0
20222881,2022,2,3.28,87,0,90,0,1
20222882,2021,7,3.27,125,1,70,1,0
20222883,2022,5,2.16,102,3,96,0,1
20222884,2021,3,3.45,59,1,95,1,0
20222885,2022,5,2.35,103,1,81,1,0
20222886,2023,5,3.66,76,4,60,1,1
20222887,2021,4,2.53,70,2,63,1,0
20222888,2022,7,3.52,113,3,95,1,0
20222889,2022,4,2.33,57,1,67,1,1
20222890,2022,8,2.83,59,3,84,1,0
20222891,2021,5,2.01,121,2,87,0,1
20222892,2021,3,3.12,50,0,97,1,0
20222893,2021,5,3.47,125,1,95,0,0
20222894,2023,7,3.24,83,2,95,0,1
20222895,2023,4,2.85,121,3,63,0,1
20222896,2021,3,1.89,103,2,72,1,1
20222897,2022,5,3.67,73,0,97,0,0
20222898,2023,6,3.21,126,2,84,1,0
20222899,2021,7,3.29,104,3,62,0,1
20222900,2022,7,3.39,94,1,91,1,0
20222901,2023,6,3.3,113,1,98,1,0
20222902,2022,5,2.68,40,4,60,0,1
20222903,2022,7,3.27,77,3,70,1,1
20222904,2022,3,3.05,48,4,61,0,1
20222905,2022,5,3.51,134,4,64,1,1
20222906,2023,5,3.4,110,0,81,1,0
20222907,2023,4,1.88,56,3,72,0,1
20222908,2023,7,2.56,138,1,82,1,0
20222909,2021,7,1.87,91,3,90,0,1
20222910,2023,6,2.0,57,0,94,0,1
20222911,2022,4,3.0,102,3,97,0,1
20222912,2023,8,3.55,72,3,94,1,0
20222913,2022,4,2.04,43,4,72,0,1
20222914,2021,7,2.7,126,3,66,0,1
20222915,2022,5,3.62,114,4,64,0,1
20222916,2022,4,3.43,91,4,88,0,1
20222917,2022,6,2.84,48,2,67,1,0
20222918,2021,4,3.34,103,0,67,1,0
20222919,2023,6,2.85,69,4,66,0,1
20222920,2023,8,2.12,47,3,78,0,1
20222921,2021,4,2.05,44,4,98,0,1
20222922,2022,6,2.18,115,4,82,0,1
20222923,2023,4,2.5,102,4,95,0,1
20222924,2021,8,3.66,40,1,91,0,1
20222925,2023,4,3.4,54,1,63,1,0
20222926,2021,3,2.67,128,1,89,0,0
20222927,2022,6,2.79,121,1,98,0,0
20222928,2023,8,2.33,77,2,64,0,1
20222929,2021,6,3.21,81,4,62,0,1
20222930,2023,6,3.41,85,2,81,0,0
20222931,2023,2,2.28,92,3,87,0,1
20222932,2023,8,1.88,65,0,81,1,0
20222933,2023,4,3.05,100,2,81,1,0
20222934,2021,6,2.93,106,1,93,0,0
20222935,2022,7,2.6,93,1,88,1,0
20222936,2021,2,3.09,61,3,72,0,1
20222937,2021,3,2.9,65,4,66,1,1
20222938,2021,6,2.3,122,0,69,0,1
20222939,2022,6,2.6,99,2,87,0,0
20222940,2023,2,2.66,78,4,63,0,1
20222941,2023,4,3.56,75,4,91,1,0
20222942,2023,7,3.72,60,2,81,1,0
20222943,2022,3,3.59,80,2,79,0,0
20222944,2023,6,3.24,87,2,79,0,0
20222945,2022,4,2.97,65,2,65,1,0
20222946,2023,8,3.18,102,1,68,0,1
20222947,2023,7,3.68,116,4,87,0,1
20222948,2021,8,2.3,75,4,72,0,1
20222949,2022,7,2.87,63,1,90,1,0
20222950,2021,3,3.18,129,4,98,1,0
20222951,2021,5,3.16,60,2,73,0,1
20222952,2021,7,2.3,57,0,81,0,1
20222953,2022,5,2.97,54,4,96,1,0
20222954,2022,8,3.39,118,0,83,0,0
20222955,2023,7,2.75,45,0,67,0,1
20222956,2021,3,3.39,82,1,74,0,1
20222957,2023,2,2.52,70,3,65,0,1
20222958,2021,3,3.68,67,4,82,1,0
20222959,2022,3,2.87,47,1,84,0,0
20222960,2022,2,2.99,68,1,90,0,0
20222961,2022,2,1.86,60,0,88,0,1
20222962,2021,4,2.14,120,4,82,1,1
20222963,2022,7,3.07,127,1,69,1,0
20222964,2021,8,2.64,97,2,68,1,0
20222965,2023,4,2.82,99,1,72,0,1
20222966,2021,2,1.93,89,2,91,0,1
20222967,2023,5,3.47,139,3,60,0,1
20222968,2021,8,3.37,70,2,60,1,0
20222969,2023,5,2.17,86,2,96,1,0
20222970,2022,3,3.07,73,0,99,0,0
20222971,2023,6,3.44,41,1,77,0,0
20222972,2022,3,3.08,106,3,95,1,0
20222973,2022,3,2.42,133,1,90,0,0
20222974,2023,6,3.11,111,2,60,0,1
20222975,2021,7,2.22,91,2,95,0,1
20222976,2021,2,2.44,46,1,68,1,0
20222977,2021,5,2.28,115,3,81,0,1
20222978,2021,3,2.91,58,3,87,1,0
20222979,2021,6,2.02,129,0,85,0,1
20222980,2022,4,3.67,131,2,69,1,0
20222981,2021,3,2.47,54,2,62,1,0
20222982,2022,5,2.24,117,0,61,1,1
20222983,2022,2,2.79,87,1,96,0,0
20222984,2022,3,2.35,53,2,90,0,1
20222985,2023,3,2.87,42,1,92,0,0
20222986,2023,7,2.5,89,3,91,1,0
20222987,2022,6,2.06,132,4,71,1,1
20222988,2023,4,2.33,93,0,62,0,1
20222989,2021,4,2.68,45,2,85,1,0
20222990,2021,8,1.86,88,0,73,1,1
20222991,2022,2,3.34,62,3,71,0,1
20222992,2021,8,3.04,131,3,85,1,0
20222993,2022,5,3.0,117,3,75,0,1
20222994,2022,2,2.89,117,3,67,0,1
20222995,2021,3,2.98,59,4,87,1,1
20222996,2023,3,3.67,116,1,66,0,1
20222997,2021,4,1.82,130,1,74,1,1
20222998,2021,5,1.9,99,4,95,0,1
20222999,2022,6,2.18,138,1,67,0,1
20223000,2022,5,2.13,84,3,69,0,1
20223001,2022,3,2.16,100,1,74,0,1
20223002,2022,6,3.14,95,0,77,0,0
20223003,2023,5,2.72,41,1,96,0,0
20223004,2023,5,3.78,84,0,94,0,0
20223005,2023,6,2.25,79,2,61,1,1
20223006,2022,3,2.42,63,0,81,0,0
20223007,2022,5,3.77,68,0,74,0,1
20223008,2022,6,3.46,106,3,96,1,0
20223009,2023,7,2.74,107,3,98,1,0
20223010,2022,7,2.91,105,3,95,0,1
20223011,2021,3,3.49,123,0,64,1,0
20223012,2021,6,2.76,93,4,74,0,1
20223013,2022,7,2.21,92,3,86,0,1
20223014,2021,6,3.46,118,3,75,1,1
20223015,2021,5,2.88,88,0,95,1,0
20223016,2023,3,2.11,71,2,97,0,1
20223017,2022,7,2.81,100,2,77,1,0
20223018,2022,8,2.63,81,1,94,0,0
20223019,2023,5,3.55,40,2,84,0,0
20223020,2021,8,2.05,102,3,81,1,1
20223021,2021,8,3.55,74,4,90,0,1
20223022,2022,2,2.82,90,1,96,1,0
20223023,2021,2,2.61,110,4,93,1,1
20223024,2023,3,2.12,84,4,82,1,1
20223025,2023,7,3.2,116,3,75,0,1
20223026,2022,7,3.65,104,0,65,0,1
20223027,2023,7,2.55,53,0,74,0,1
20223028,2023,6,2.28,132,0,77,1,0
20223029,2022,5,2.91,42,2,97,0,0
20223030,2023,7,3.39,63,0,72,1,0
20223031,2023,5,1.81,104,3,83,1,1
20223032,2023,3,3.06,87,2,72,0,1
20223033,2021,8,2.99,49,0,60,1,0
20223034,2022,7,2.44,52,4,95,0,1
20223035,2022,3,2.7,139,3,77,1,0
20223036,2022,7,2.29,112,3,92,0,1
20223037,2021,2,3.38,53,1,97,1,0
20223038,2021,4,3.07,139,3,65,1,1
20223039,2022,3,2.87,49,4,76,0,1
20223040,2021,7,2.59,79,3,63,0,1
20223041,2022,4,2.38,62,1,73,0,1
20223042,2021,3,3.45,138,3,89,0,1
20223043,2023,6,2.7,94,3,79,0,1
20223044,2023,7,2.8,102,1,67,1,0
20223045,2022,6,2.84,110,3,61,1,1
20223046,2021,2,2.7,81,2,96,0,0
20223047,2021,7,2.31,138,3,63,0,1
20223048,2023,8,2.04,105,0,69,1,1
20223049,2023,2,2.0,118,0,79,1,0
20223050,2021,4,3.31,112,2,94,0,1
20223051,2021,3,2.25,86,3,69,0,1
20223052,2021,5,1.91,120,4,87,0,1
20223053,2021,2,3.4,91,3,74,1,1
20223054,2021,5,2.11,57,0,95,1,0
20223055,2021,5,3.05,118,1,60,1,0
20223056,2022,3,2.48,57,2,81,1,0
20223057,2021,4,2.05,63,1,86,0,1
20223058,2023,3,2.63,62,4,88,0,1
20223059,2022,7,1.83,51,3,74,0,1
20223060,2021,2,3.48,62,4,69,1,1
20223061,2023,5,2.83,60,1,79,1,0
20223062,2022,3,2.08,103,3,81,0,1
20223063,2023,3,2.27,129,4,68,0,1
20223064,2021,3,2.7,111,0,91,1,0
20223065,2021,2,2.18,133,0,76,0,1
20223066,2021,4,2.34,73,2,78,0,1
20223067,2021,8,2.87,41,0,99,1,0
20223068,2022,3,3.47,108,0,86,0,0
20223069,2022,2,2.6,70,1,96,1,0
20223070,2023,5,3.23,136,0,93,0,0
20223071,2021,7,3.55,107,0,69,0,1
20223072,2023,8,2.23,109,1,89,0,1
20223073,2022,6,3.41,126,0,80,1,0
20223074,2021,8,3.31,58,0,80,1,0
20223075,2021,8,2.51,111,2,93,1,0
20223076,2022,2,3.78,52,0,68,1,0
20223077,2022,6,2.33,104,0,93,0,1
20223078,2022,3,2.31,45,2,71,1,1
20223079,2022,3,3.34,110,1,80,0,0
20223080,2022,8,2.67,66,0,79,0,0
20223081,2021,2,2.46,118,4,65,0,1
20223082,2022,6,2.16,91,1,95,0,1
20223083,2021,3,3.33,137,1,71,0,1
20223084,2021,5,3.37,126,0,90,0,0
20223085,2022,4,2.93,87,2,61,0,1
20223086,2022,4,3.71,127,1,75,1,0
20223087,2021,3,2.44,118,2,60,0,1
20223088,2022,6,2.24,138,4,63,1,1
20223089,2022,7,3.15,107,2,60,0,1
20223090,2022,3,3.32,83,3,94,1,0
20223091,2023,7,2.25,56,2,72,0,1
20223092,2021,7,1.95,134,1,90,1,0
20223093,2023,6,3.42,77,2,79,0,0
20223094,2022,7,3.75,49,2,66,1,0
20223095,2023,5,3.09,93,3,99,1,0
20223096,2022,6,2.36,130,3,92,1,1
20223097,2023,3,3.79,45,0,87,0,0
20223098,2022,8,3.59,45,1,79,0,0
20223099,2023,5,2.83,91,0,91,1,0
20223100,2023,2,3.45,54,3,68,1,1
20223101,2023,4,3.43,107,2,93,0,0
20223102,2021,3,3.67,96,3,73,0,1
20223103,2023,3,3.48,95,4,63,0,1
20223104,2021,3,3.09,46,2,88,0,0
20223105,2022,5,3.02,90,0,74,0,1
20223106,2023,2,2.73,97,2,76,1,0
20223107,2022,8,3.05,103,4,78,1,0
20223108,2022,6,3.39,65,3,97,1,0
20223109,2023,2,3.74,97,1,68,1,0
20223110,2021,5,2.73,70,1,86,0,1
20223111,2023,3,2.95,105,1,74,0,1
20223112,2022,4,2.69,131,3,96,1,0
20223113,2022,3,3.14,52,1,87,0,0
20223114,2023,6,3.06,57,4,63,0,1
20223115,2021,7,1.84,133,3,80,1,1
20223116,2021,4,2.88,114,1,93,1,0
20223117,2022,3,1.98,52,0,78,0,1
20223118,2022,8,1.85,63,3,96,1,1
20223119,2021,4,3.38,96,3,63,0,1
20223120,2023,7,2.32,68,2,96,1,1
20223121,2022,2,2.48,95,1,91,0,0
20223122,2021,5,1.93,93,0,71,1,1
20223123,2022,3,2.16,44,4,75,0,1
20223124,2023,6,3.33,74,3,73,0,1
20223125,2021,2,2.79,58,4,60,0,1
20223126,2022,3,3.56,94,4,91,1,0
20223127,2023,2,2.59,116,4,80,0,1
20223128,2022,6,2.34,108,2,63,0,1
20223129,2023,3,2.5,83,4,68,1,1
20223130,2023,7,3.23,117,1,81,1,0
20223131,2021,7,2.91,77,1,71,0,1
20223132,2023,6,3.61,101,0,89,0,0
20223133,2022,4,3.0,61,0,89,1,0
20223134,2023,6,2.79,112,4,91,1,0
20223135,2023,4,3.37,79,4,95,0,1
20223136,2021,3,3.7,65,2,66,0,1
20223137,2023,4,2.51,44,4,76,1,0
20223138,2023,3,2.3,132,4,60,0,1
20223139,2022,3,3.03,93,4,73,0,1
20223140,2021,8,2.8,125,3,97,0,1
20223141,2021,5,3.78,88,3,85,1,0
20223142,2021,3,2.72,42,2,86,1,0
20223143,2023,4,1.95,131,2,75,0,1
20223144,2021,5,3.75,77,1,66,0,1
20223145,2023,5,3.49,53,2,91,0,0
20223146,2023,3,2.16,86,1,84,1,0
20223147,2022,6,3.61,53,4,90,0,1
20223148,2022,6,2.48,114,2,75,1,0
20223149,2022,7,2.55,112,2,73,0,1
20223150,2022,5,3.61,77,2,84,1,0
20223151,2022,3,2.86,103,1,89,0,0
20223152,2023,8,2.08,83,1,66,1,1
20223153,2023,6,2.54,109,0,71,1,0
20223154,2021,8,3.24,104,1,62,0,1
20223155,2023,3,2.15,64,1,86,1,0
20223156,2023,3,2.98,55,3,78,0,1
20223157,2022,5,3.19,54,2,96,1,0
20223158,2023,8,2.49,137,1,66,0,1
20223159,2022,7,3.19,120,2,75,1,0
20223160,2021,5,3.57,42,2,91,1,0
20223161,2021,2,2.74,106,3,67,0,1
20223162,2023,8,2.57,76,2,72,1,0
20223163,2021,6,2.3,120,1,70,0,1
20223164,2023,6,3.01,94,2,79,0,0
20223165,2021,6,3.56,77,0,77,0,1
20223166,2022,4,2.45,102,0,96,1,0
20223167,2022,3,2.59,40,3,65,1,1
20223168,2022,5,2.61,110,1,79,1,0
20223169,2022,6,2.92,129,3,91,0,1
20223170,2023,2,2.26,58,0,88,0,1
20223171,2021,6,3.44,91,1,63,1,1
20223172,2023,7,2.39,69,2,66,0,1
20223173,2022,3,3.21,94,1,79,1,0
20223174,2023,8,2.83,53,4,93,1,0
20223175,2021,3,2.97,52,1,95,0,0
20223176,2023,8,2.16,123,2,66,0,1
20223177,2021,8,3.27,129,4,92,0,1
20223178,2023,5,2.18,66,3,74,0,1
20223179,2021,4,2.03,128,1,91,1,0
20223180,2021,8,2.89,48,3,81,0,1
20223181,2022,8,3.22,80,1,99,0,0
20223182,2021,5,1.9,87,0,88,0,1
20223183,2022,6,1.94,51,0,84,1,0
20223184,2022,7,3.41,49,2,64,0,1
20223185,2022,2,3.42,45,0,73,0,1
20223186,2023,5,2.29,73,4,94,1,1
20223187,2023,4,3.03,91,4,61,1,1
20223188,2023,5,2.69,80,1,84,1,0
20223189,2023,3,3.07,122,3,75,0,1
20223190,2021,6,3.53,45,4,75,1,0
20223191,2021,6,1.96,41,1,70,1,1
20223192,2023,8,3.36,54,3,94,0,1
20223193,2021,6,2.79,56,0,82,0,0
20223194,2021,6,2.93,55,1,64,1,0
20223195,2022,6,3.11,67,3,94,0,1
20223196,2022,6,3.65,124,2,88,0,0
20223197,2022,2,1.91,111,2,64,1,1
20223198,2022,4,1.86,49,4,62,0,1
20223199,2021,8,2.16,49,3,65,0,1
20223200,2023,6,3.77,49,2,82,1,0
20223201,2021,8,3.23,112,4,61,1,1
20223202,2021,4,3.03,67,1,77,0,0
20223203,2021,7,1.89,63,1,89,1,0
20223204,2022,6,3.56,58,3,97,1,0
20223205,2022,8,3.43,136,3,64,0,1
20223206,2022,5,3.13,107,3,70,0,1
20223207,2023,8,2.48,95,3,60,0,1
20223208,2021,6,1.94,106,2,69,1,1
20223209,2023,3,2.96,81,2,85,1,0
20223210,2022,2,3.24,51,4,92,0,1
20223211,2023,5,1.99,57,2,86,0,1
20223212,2021,5,3.07,62,1,71,0,1
20223213,2021,3,2.37,123,4,61,0,1
20223214,2022,6,3.33,45,2,60,1,0
20223215,2022,2,2.88,92,3,60,1,1
20223216,2023,5,2.06,137,2,92,1,0
20223217,2022,2,2.85,81,0,81,1,0
20223218,2022,5,2.59,105,4,71,1,1
20223219,2021,6,2.16,69,2,98,1,0
20223220,2022,7,3.48,48,2,95,0,1
20223221,2022,5,1.82,130,1,80,1,0
20223222,2021,7,2.42,81,3,79,1,0
20223223,2021,5,1.83,73,3,95,1,1
20223224,2023,4,1.99,79,1,85,1,0
20223225,2022,6,2.39,127,1,90,0,1
20223226,2021,3,1.91,56,0,60,0,1
20223227,2023,7,2.99,68,4,97,1,0
20223228,2023,3,1.97,139,3,73,0,1
20223229,2022,6,3.2,89,1,85,0,0
20223230,2022,8,1.91,115,1,66,0,1
20223231,2023,3,1.92,134,4,71,0,1
20223232,2021,6,2.41,88,1,83,1,0
20223233,2023,3,3.59,112,0,78,1,0
20223234,2022,7,3.08,100,4,68,1,1
20223235,2021,4,3.34,122,0,94,1,0
20223236,2021,3,2.08,85,2,63,1,1
20223237,2023,7,3.47,85,3,91,0,1
20223238,2022,5,1.82,56,1,65,1,1
20223239,2023,6,2.23,105,4,87,1,1
20223240,2023,2,3.03,44,0,87,0,0
20223241,2023,8,2.55,93,3,99,0,1
20223242,2021,2,3.77,55,3,88,1,0
20223243,2021,6,1.86,120,1,64,0,1
20223244,2022,4,3.8,130,3,64,1,1
20223245,2022,3,3.05,46,1,96,0,0
20223246,2023,4,2.92,47,2,87,1,0
20223247,2023,2,1.92,111,1,68,1,1
20223248,2023,8,2.35,126,0,88,1,0
20223249,2022,7,3.65,135,3,73,1,1
20223250,2021,8,2.51,121,3,97,0,1
20223251,2021,6,3.12,77,3,99,1,0
20223252,2023,6,3.8,93,1,93,1,0
20223253,2023,4,2.33,115,4,96,1,1
20223254,2023,7,2.95,54,1,73,1,1
20223255,2023,4,3.19,131,0,77,0,0
20223256,2022,3,2.13,89,1,92,0,1
20223257,2021,5,2.1,95,3,93,1,1
20223258,2023,7,2.71,134,2,87,1,0
20223259,2022,5,2.57,48,0,95,0,0
20223260,2023,8,3.23,47,2,96,1,0
20223261,2023,3,1.94,58,0,82,1,0
20223262,2021,5,3.74,90,0,76,0,0
20223263,2023,2,1.83,111,3,70,0,1
20223264,2021,8,3.0,137,1,91,0,0
20223265,2021,5,2.93,96,3,96,1,0
20223266,2021,3,2.07,107,3,74,1,1
20223267,2022,5,2.1,70,3,63,1,1
20223268,2022,6,3.39,42,2,98,1,0
20223269,2021,4,3.58,138,0,89,0,0
20223270,2023,2,2.37,122,4,69,0,1
20223271,2021,6,2.68,82,1,82,0,0
20223272,2023,6,2.51,68,3,83,0,1
20223273,2021,3,1.95,49,0,95,1,0
20223274,2023,4,3.15,51,1,64,1,1
20223275,2022,4,3.45,85,4,96,0,1
20223276,2023,7,2.41,69,4,78,1,0
20223277,2021,8,3.78,133,3,96,0,1
20223278,2022,2,1.95,121,4,67,0,1
20223279,2023,8,3.12,127,4,66,1,1
20223280,2023,3,2.7,71,1,99,1,0
20223281,2023,2,2.69,112,1,72,1,0
20223282,2023,7,2.72,86,3,96,1,0
20223283,2023,5,2.32,127,0,86,1,0
20223284,2022,6,3.23,102,3,77,1,0
20223285,2022,2,3.24,65,2,83,1,0
20223286,2022,8,2.36,42,4,61,1,1
20223287,2022,6,3.47,62,0,75,0,1
20223288,2021,3,2.43,114,1,73,0,1
20223289,2022,8,3.25,113,2,76,1,0
20223290,2023,5,2.04,89,2,65,1,1
20223291,2023,3,2.14,75,4,94,0,1
20223292,2022,5,2.43,52,1,76,0,0
20223293,2023,5,2.99,68,0,97,0,0
20223294,2022,6,3.09,77,1,99,0,0
20223295,2023,3,2.59,116,4,65,1,1
20223296,2021,3,1.96,129,2,97,0,1
20223297,2021,2,2.55,123,4,80,0,1
20223298,2022,8,3.18,44,3,94,0,1
20223299,2022,3,3.14,59,2,82,0,0
20223300,2022,2,2.12,117,4,71,1,1
20223301,2023,4,1.82,53,0,88,0,1
20223302,2022,4,3.31,47,0,86,1,0
20223303,2021,4,2.01,87,0,65,1,1
20223304,2023,7,1.96,52,3,80,1,1
20223305,2022,3,1.81,63,1,66,1,1
20223306,2023,7,2.67,118,0,75,1,0
20223307,2023,8,2.81,104,3,64,0,1
20223308,2022,3,3.08,125,0,74,1,1
20223309,2023,2,2.39,73,3,80,0,1
20223310,2021,7,3.22,90,0,63,0,1
20223311,2021,7,2.14,42,1,64,1,1
20223312,2023,8,3.46,129,4,66,1,1
20223313,2022,7,2.94,117,0,94,0,1
20223314,2023,5,2.97,97,4,95,1,1
20223315,2021,2,2.22,111,0,74,1,1
20223316,2023,4,1.95,94,1,87,1,0
20223317,2023,2,2.73,119,4,61,0,1
20223318,2021,5,3.03,81,3,64,0,1
20223319,2023,8,1.99,60,0,66,1,1
20223320,2023,8,3.7,49,0,81,1,0
20223321,2022,3,3.76,96,3,90,1,0
20223322,2022,2,2.89,64,1,91,0,0
20223323,2021,8,3.7,95,2,67,1,1
20223324,2021,7,2.16,77,0,70,1,1
20223325,2021,8,1.85,125,3,60,1,1
20223326,2022,8,1.88,100,2,99,1,0
20223327,2021,8,2.98,86,0,78,0,0
20223328,2021,8,1.92,93,4,97,1,1
20223329,2021,4,3.72,85,3,96,1,0
20223330,2022,4,2.08,107,4,66,0,1
20223331,2023,3,2.41,43,1,98,1,0
20223332,2021,8,3.45,133,2,84,1,0
20223333,2023,2,2.24,105,3,81,0,1
20223334,2021,5,2.29,132,0,86,1,0
20223335,2023,3,3.08,82,0,97,0,0
20223336,2022,2,2.35,101,2,98,1,0
20223337,2022,8,2.23,139,4,74,1,1
20223338,2021,6,2.31,124,4,61,1,1
20223339,2023,8,2.78,124,3,67,0,1
20223340,2022,4,3.73,124,3,65,1,1
20223341,2021,5,3.46,43,4,79,0,1
20223342,2021,7,2.37,104,3,86,0,1
20223343,2022,5,2.53,101,4,82,0,1
20223344,2022,7,2.73,129,2,99,0,0
20223345,2021,5,3.76,41,3,76,0,1
20223346,2023,4,2.14,48,4,72,0,1
20223347,2023,7,2.51,96,3,63,1,1
20223348,2023,2,3.26,84,0,79,1,0
20223349,2021,7,3.73,57,0,84,1,0
20223350,2022,3,2.11,87,1,81,1,1
20223351,2021,2,2.25,81,4,76,0,1
20223352,2022,3,2.25,80,1,99,1,0
20223353,2023,8,1.84,114,4,70,1,1
20223354,2023,5,3.01,128,3,84,0,1
20223355,2022,2,3.14,129,4,64,1,1
20223356,2022,5,3.01,97,0,80,0,0
20223357,2021,8,1.94,139,3,85,1,1
20223358,2023,6,1.94,81,0,75,1,0
20223359,2021,5,2.22,74,3,99,0,1
20223360,2021,8,2.38,77,4,80,1,1
20223361,2021,5,3.37,106,4,91,1,0
20223362,2023,8,2.12,80,0,63,1,1
20223363,2021,3,1.89,138,2,97,1,0
20223364,2021,8,2.59,89,4,67,0,1
20223365,2021,7,2.63,125,2,68,1,0
20223366,2021,6,2.7,111,3,76,0,1
20223367,2021,5,3.45,118,2,72,0,1
20223368,2021,8,2.0,84,0,68,1,1
20223369,2023,8,3.21,110,1,65,0,1
20223370,2021,5,2.48,58,1,86,1,0
20223371,2022,6,2.42,56,0,96,0,0
20223372,2021,6,3.67,104,1,98,0,0
20223373,2021,8,2.3,132,0,83,0,1
20223374,2023,2,3.09,116,4,68,0,1
20223375,2023,3,2.35,95,2,70,1,1
20223376,2022,6,2.81,132,1,94,1,0
20223377,2022,6,3.37,80,4,88,1,1
20223378,2023,4,3.56,81,1,67,1,0
20223379,2023,7,3.48,45,3,76,0,1
20223380,2021,6,2.96,108,0,66,1,0
20223381,2023,3,2.3,137,0,71,1,1
20223382,2022,7,3.12,114,4,74,1,1
20223383,2021,7,3.22,112,3,88,0,1
20223384,2022,5,1.82,79,2,83,0,1
20223385,2021,5,2.68,80,3,96,0,1
20223386,2023,5,3.49,48,3,73,0,1
20223387,2022,5,2.78,47,2,70,0,1
20223388,2021,4,2.42,83,2,94,1,0
20223389,2021,6,3.54,97,3,76,0,1
20223390,2023,5,2.11,106,1,86,1,0
20223391,2023,8,2.21,52,1,62,0,1
20223392,2023,2,3.17,58,3,61,0,1
20223393,2022,5,2.5,137,1,63,0,1
20223394,2021,6,3.23,135,2,77,0,0
20223395,2023,5,2.12,88,2,79,0,1
20223396,2022,4,2.3,119,1,80,0,1
20223397,2022,3,2.11,139,2,73,1,1
20223398,2022,3,3.71,121,0,67,0,1
20223399,2023,6,2.61,117,2,61,0,1
20223400,2023,8,2.47,69,3,85,1,0
20223401,2021,3,1.83,105,4,78,0,1
20223402,2021,3,2.11,116,1,87,0,1
20223403,2023,2,2.64,130,1,88,1,0
20223404,2022,6,1.94,98,2,64,1,1
20223405,2022,8,2.82,92,2,87,0,0
20223406,2022,6,2.71,91,4,85,0,1
20223407,2021,3,3.33,120,4,64,0,1
20223408,2022,3,3.12,70,3,74,0,1
20223409,2021,3,2.69,54,0,68,0,1
20223410,2021,7,2.25,59,3,91,0,1
20223411,2022,4,3.25,44,1,85,1,0
20223412,2022,5,3.22,46,2,96,1,0
20223413,2023,4,2.11,57,3,74,1,1
20223414,2023,6,3.63,95,2,63,1,0
20223415,2022,2,1.93,114,2,95,0,1
20223416,2021,5,1.91,135,3,79,1,1
20223417,2021,2,2.17,130,3,86,0,1
20223418,2021,8,3.62,129,4,80,0,1
20223419,2021,7,2.84,84,0,81,1,0
20223420,2021,6,3.38,67,4,66,0,1
20223421,2023,7,2.26,89,0,90,1,0
20223422,2022,6,2.78,41,3,76,1,0
20223423,2023,2,2.52,123,0,66,1,0
20223424,2021,2,3.46,107,1,78,1,0
20223425,2021,2,1.85,116,4,87,1,1
20223426,2021,6,2.29,63,4,69,0,1
20223427,2021,3,2.11,87,4,86,1,1
20223428,2022,2,3.52,84,2,72,0,1
20223429,2021,7,2.74,132,2,61,0,1
20223430,2022,8,2.61,97,3,81,0,1
20223431,2021,5,2.7,75,3,79,0,1
20223432,2022,6,3.74,41,2,64,1,0
20223433,2023,7,3.5,57,4,65,0,1
20223434,2021,4,3.21,88,2,94,1,0
20223435,2022,8,2.38,47,0,60,0,1
20223436,2023,4,2.13,97,4,94,1,1
20223437,2021,5,3.64,54,2,62,1,0
20223438,2021,3,2.65,56,3,95,1,0
20223439,2021,2,2.36,62,2,66,1,1
20223440,2022,6,2.74,105,1,88,1,0
20223441,2022,7,3.64,109,2,74,0,1
20223442,2023,2,2.57,132,4,70,0,1
20223443,2022,7,2.93,66,2,77,0,0
20223444,2022,6,3.41,76,3,63,0,1
20223445,2021,4,2.65,88,0,83,1,0
20223446,2021,2,2.27,103,1,70,0,1
20223447,2021,5,3.79,73,4,65,0,1
20223448,2021,3,3.71,57,3,77,0,1
20223449,2021,5,3.49,103,1,74,0,1
20223450,2021,3,3.18,113,2,62,0,1
20223451,2021,8,2.39,83,1,76,1,0
20223452,2023,7,3.63,56,0,92,1,0
20223453,2023,2,2.35,98,1,93,0,1
20223454,2023,2,3.4,52,1,89,1,0
20223455,2023,8,3.64,91,2,78,0,0
20223456,2021,3,3.01,99,2,68,1,0
20223457,2023,4,3.41,81,4,99,1,0
20223458,2021,6,3.38,130,2,90,0,0
20223459,2023,5,2.19,103,1,86,1,0
20223460,2022,8,3.14,105,0,84,0,0
20223461,2023,7,1.99,73,2,66,0,1
20223462,2023,8,2.82,134,4,66,1,1
20223463,2021,5,2.12,126,4,79,1,1
20223464,2023,5,2.63,110,1,95,1,0
20223465,2022,7,3.47,103,2,78,1,0
20223466,2021,7,3.77,72,2,61,0,1
20223467,2021,2,2.44,51,4,93,0,1
20223468,2023,5,2.86,115,2,76,0,0
20223469,2021,6,2.82,58,1,83,0,0
20223470,2021,6,3.71,48,0,68,0,1
20223471,2021,3,2.76,113,1,60,0,1
20223472,2021,8,3.2,56,2,87,1,0
20223473,2021,7,3.64,89,1,74,0,1
20223474,2021,2,2.55,78,3,80,0,1
20223475,2022,6,3.6,80,3,74,1,1
20223476,2023,4,3.63,49,2,82,1,0
20223477,2022,2,3.66,51,2,61,0,1
20223478,2021,2,2.34,118,0,95,0,1
20223479,2021,6,2.6,134,1,68,1,0
20223480,2023,4,3.54,54,0,61,0,1
20223481,2022,3,2.52,67,2,61,1,0
20223482,2023,6,3.0,43,2,77,1,0
20223483,2022,4,2.04,75,4,76,1,1
20223484,2021,2,1.91,104,0,67,0,1
20223485,2023,4,2.62,137,2,93,0,0
20223486,2023,2,2.96,86,3,93,1,0
20223487,2021,8,2.59,120,4,64,1,1
20223488,2023,6,2.96,78,1,88,0,1
20223489,2022,7,2.83,77,4,87,0,1
20223490,2022,6,3.17,83,1,75,0,0
20223491,2022,8,3.1,90,3,73,1,1
20223492,2022,5,2.65,136,1,61,1,0
20223493,2021,5,2.65,124,0,99,1,0
20223494,2023,5,2.08,65,1,63,0,1
20223495,2022,6,2.83,75,1,90,1,0
20223496,2021,3,2.97,108,4,85,1,0
20223497,2023,6,2.75,136,3,86,1,0
20223498,2023,8,2.45,40,1,93,0,0
20223499,2021,8,3.24,92,0,90,1,0
20223500,2021,7,1.95,45,4,70,1,1
20223501,2022,4,3.63,76,3,67,0,1
20223502,2023,6,1.84,41,3,71,1,1
20223503,2023,6,3.72,108,2,94,0,1
20223504,2021,2,2.72,129,0,93,0,0
20223505,2023,8,2.63,80,4,72,1,1
20223506,2022,2,2.31,90,4,86,0,1
20223507,2023,2,1.82,86,0,67,1,1
20223508,2021,6,2.35,52,3,80,0,1
20223509,2021,3,2.02,115,1,70,1,1
20223510,2022,4,3.12,108,0,81,0,0
20223511,2022,4,2.44,105,4,80,0,1
20223512,2023,8,3.33,98,0,87,0,0
20223513,2023,7,2.21,107,3,62,1,1
20223514,2021,8,3.6,98,2,66,1,0
20223515,2022,3,2.85,130,2,73,1,0
20223516,2022,3,2.03,49,1,74,0,1
20223517,2022,4,2.6,52,1,68,0,1
20223518,2023,5,2.21,41,3,66,1,1
20223519,2022,2,2.2,129,1,71,1,1
20223520,2021,2,2.81,54,2,78,0,1
20223521,2021,4,3.14,85,3,86,0,1
20223522,2023,8,3.62,96,3,77,0,1
20223523,2023,3,2.8,49,3,72,1,1
20223524,2022,8,3.73,61,0,60,0,1
20223525,2023,7,3.68,128,1,97,1,0
20223526,2021,5,3.53,118,4,80,0,1
20223527,2022,4,2.8,116,2,93,1,0
20223528,2021,2,2.08,47,1,72,0,1
20223529,2022,6,2.24,60,2,82,0,1
20223530,2023,8,3.1,124,1,60,1,0
20223531,2022,3,2.64,61,4,82,0,1
20223532,2022,6,2.09,136,2,87,0,1
20223533,2021,7,2.76,84,4,91,0,1
20223534,2021,4,1.83,130,2,67,1,1
20223535,2022,8,3.27,79,0,85,0,0
20223536,2023,2,1.95,61,0,73,1,1
20223537,2023,8,3.06,69,2,83,0,0
20223538,2021,5,3.39,101,2,88,0,1
20223539,2023,6,2.07,112,4,63,1,1
20223540,2021,5,2.84,84,3,77,1,0
20223541,2023,7,3.36,74,2,73,1,0
20223542,2022,2,2.32,121,1,86,1,0
20223543,2021,6,2.13,81,1,62,1,1
20223544,2021,7,2.47,44,1,89,1,0
20223545,2022,5,2.91,66,0,95,0,0
20223546,2021,5,2.95,109,4,82,0,1
20223547,2023,6,2.06,101,0,77,0,1
20223548,2023,2,2.72,71,1,99,0,0
20223549,2021,5,2.34,47,2,69,1,1
20223550,2023,4,3.48,124,1,71,0,1
20223551,2021,7,2.43,57,2,67,0,1
20223552,2022,6,3.48,117,4,91,0,1
20223553,2021,3,2.66,54,3,76,1,1
20223554,2022,3,3.25,65,2,73,1,0
20223555,2023,2,2.82,92,0,96,0,0
20223556,2022,4,3.04,83,1,68,1,0
20223557,2023,5,2.59,71,1,85,0,0
20223558,2021,3,3.34,67,1,83,1,0
20223559,2023,2,2.65,78,2,82,0,0
20223560,2021,7,2.71,71,4,90,1,0
20223561,2021,4,2.84,116,2,98,0,0
20223562,2022,4,3.46,118,0,61,0,1
20223563,2022,8,3.12,57,1,77,1,0
20223564,2022,2,2.5,109,2,75,1,0
20223565,2022,2,3.14,50,1,88,1,0
20223566,2023,8,3.08,71,0,70,1,0
20223567,2023,5,3.66,59,3,61,0,1
20223568,2023,2,3.48,136,3,73,0,1
20223569,2021,8,3.09,79,3,63,0,1
20223570,2023,5,2.48,47,1,98,0,0
20223571,2023,5,3.36,74,2,93,0,0
20223572,2023,6,2.95,108,1,98,0,0
20223573,2022,4,3.77,138,4,68,0,1
20223574,2023,7,2.3,117,2,99,0,1
20223575,2021,4,1.96,60,0,66,1,1
20223576,2022,4,1.94,63,3,76,0,1
20223577,2021,6,3.08,56,2,82,1,0
20223578,2023,5,3.68,57,2,70,1,0
20223579,2022,5,1.8,137,3,81,1,1
20223580,2021,2,3.25,51,0,77,1,0
20223581,2023,6,3.11,55,1,87,0,0
20223582,2021,2,3.26,43,1,75,1,0
20223583,2021,6,2.51,128,2,63,0,1
20223584,2021,2,3.44,73,3,95,0,1
20223585,2023,3,1.89,131,4,81,1,1
20223586,2023,8,3.31,85,0,70,0,1
20223587,2021,4,2.33,114,1,80,0,1
20223588,2022,4,2.75,116,0,99,1,0
20223589,2022,7,3.45,70,0,75,1,0
20223590,2023,8,2.34,64,0,68,0,1
20223591,2023,5,2.17,113,3,94,0,1
20223592,2023,7,3.16,63,3,93,0,1
20223593,2023,3,2.87,104,3,68,0,1
20223594,2023,7,2.83,64,2,72,1,0
20223595,2022,4,2.31,67,3,65,1,1
20223596,2023,5,1.87,75,2,63,1,1
20223597,2021,3,2.62,121,1,87,1,0
20223598,2021,4,2.01,45,1,70,0,1
20223599,2022,8,3.61,105,1,93,1,0
20223600,2021,2,1.88,106,1,94,0,1
20223601,2022,6,2.66,111,1,64,0,1
20223602,2022,3,1.9,134,3,98,1,1
20223603,2021,5,1.99,87,4,70,0,1
20223604,2023,7,3.12,122,3,71,0,1
20223605,2021,8,3.09,109,4,78,0,1
20223606,2021,7,1.87,117,3,72,1,1
20223607,2022,3,1.8,106,1,63,0,1
20223608,2021,8,1.96,87,0,73,0,1
20223609,2022,5,3.33,104,4,61,0,1
20223610,2023,3,2.97,83,0,67,0,1
20223611,2023,5,1.88,133,1,81,1,0
20223612,2023,7,2.78,102,4,72,1,1
20223613,2021,4,3.22,85,0,80,0,0
20223614,2022,8,3.54,58,3,80,0,1
20223615,2023,2,3.67,103,1,87,0,0
20223616,2022,4,2.45,122,3,92,1,0
20223617,2022,2,2.07,112,3,88,1,1
20223618,2023,7,2.27,110,1,96,0,1
20223619,2023,8,3.35,89,4,81,0,1
20223620,2022,4,3.74,102,2,85,1,0
20223621,2023,4,2.73,80,2,70,0,1
20223622,2022,3,2.41,46,1,70,1,1
20223623,2022,6,2.66,48,2,93,0,0
20223624,2023,7,2.41,43,0,78,0,0
20223625,2021,5,2.31,128,4,96,0,1
20223626,2023,7,2.99,88,3,73,0,1
20223627,2021,5,1.83,115,3,88,1,1
20223628,2022,8,2.32,45,1,78,1,0
20223629,2022,5,3.12,121,3,96,1,0
20223630,2021,2,1.86,60,0,80,0,1
20223631,2022,5,1.97,54,0,83,0,1
20223632,2021,5,2.39,106,1,85,1,0
20223633,2021,3,3.56,105,3,71,1,1
20223634,2022,4,3.33,95,2,78,0,0
20223635,2021,7,1.84,107,2,89,1,0
20223636,2023,7,2.8,71,4,74,0,1
20223637,2023,8,2.35,105,1,62,1,1
20223638,2022,8,3.1,68,4,72,0,1
20223639,2022,5,3.24,105,2,68,0,1
20223640,2021,6,3.53,73,2,72,1,0
20223641,2021,7,2.75,66,2,75,1,0
20223642,2021,8,3.79,99,4,73,0,1
20223643,2021,5,3.76,78,1,67,0,1
20223644,2023,8,3.56,83,0,78,1,0
20223645,2023,2,2.95,121,0,91,0,0
20223646,2022,2,2.6,75,2,94,1,0
20223647,2021,8,2.53,58,1,82,0,0
20223648,2021,2,1.82,130,1,80,1,0
20223649,2022,8,2.3,84,3,77,0,1
20223650,2021,5,3.24,123,3,73,0,1
20223651,2021,3,3.01,60,4,75,0,1
20223652,2021,6,3.63,62,3,83,0,1
20223653,2021,5,1.9,133,4,91,0,1
20223654,2021,3,2.11,128,0,70,0,1
20223655,2022,3,3.38,134,2,70,0,1
20223656,2021,7,2.52,66,1,63,1,0
20223657,2022,5,2.04,137,0,85,1,0
20223658,2021,5,3.79,111,0,64,0,1
20223659,2023,8,3.37,58,4,95,1,0
20223660,2023,3,2.62,80,2,92,1,0
20223661,2023,3,3.45,65,4,73,0,1
20223662,2023,3,3.16,67,0,91,1,0
20223663,2022,8,3.38,103,1,66,0,1
20223664,2022,7,3.43,107,3,69,1,1
20223665,2021,5,1.97,134,4,61,1,1
20223666,2023,3,3.05,119,0,69,1,0
20223667,2022,2,1.81,90,3,94,0,1
20223668,2021,5,1.89,113,3,80,1,1
20223669,2021,8,3.61,87,0,99,0,0
20223670,2022,7,2.86,49,2,67,0,1
20223671,2023,2,3.27,112,0,77,1,0
20223672,2021,8,3.48,78,1,68,0,1
20223673,2023,4,3.7,139,3,89,0,1
20223674,2023,5,3.54,139,1,63,1,0
20223675,2023,4,2.77,58,4,94,0,1
20223676,2021,8,2.47,103,3,73,1,1
20223677,2023,8,2.11,58,2,73,1,1
20223678,2021,8,2.6,115,0,96,0,0
20223679,2023,3,2.53,101,4,79,1,0
20223680,2021,7,2.92,52,1,88,1,0
20223681,2023,3,3.13,64,4,82,0,1
20223682,2022,7,3.76,139,2,80,0,0
20223683,2023,6,3.26,128,0,90,0,1
20223684,2023,3,3.09,131,4,91,0,1
20223685,2021,4,2.47,81,1,66,1,0
20223686,2021,7,1.87,78,4,72,1,1
20223687,2023,3,2.38,69,0,82,1,0
20223688,2022,5,3.34,44,4,67,1,1
20223689,2022,8,2.21,120,1,71,1,1
20223690,2021,7,3.22,57,0,95,0,0
20223691,2022,7,2.96,60,2,75,1,0
20223692,2023,3,2.14,125,2,85,1,0
20223693,2021,6,2.32,89,3,88,1,1
20223694,2023,3,2.79,45,4,88,1,0
20223695,2021,4,2.64,89,1,65,0,1
20223696,2021,4,3.36,119,4,96,0,1
20223697,2021,7,3.27,105,0,92,0,0
20223698,2021,7,2.95,40,3,90,1,0
20223699,2022,3,3.44,96,1,77,1,0
20223700,2023,4,2.93,69,4,97,1,0
20223701,2023,4,3.73,97,1,90,0,0
20223702,2023,6,2.23,91,0,75,1,0
20223703,2021,5,3.23,76,3,99,0,1
20223704,2022,6,2.54,87,1,96,1,0
20223705,2023,2,2.36,126,0,73,0,1
20223706,2022,8,2.16,40,2,98,0,1
20223707,2021,6,2.91,58,1,63,1,0
20223708,2023,3,2.23,85,3,89,1,1
20223709,2022,5,2.2,106,1,92,0,1
20223710,2021,3,3.78,41,1,95,0,0
20223711,2022,8,3.4,95,0,89,0,0
20223712,2023,2,3.3,56,4,73,0,1
20223713,2023,5,3.39,131,4,82,0,1
20223714,2021,7,3.74,121,1,87,1,0
20223715,2021,4,2.95,136,3,66,0,1
20223716,2021,6,2.24,118,3,69,1,1
20223717,2022,3,3.52,61,0,63,1,0
20223718,2022,2,3.29,66,1,97,1,0
20223719,2022,4,2.63,94,1,72,1,0
20223720,2021,6,2.75,71,4,80,1,0
20223721,2023,4,2.62,99,0,92,0,0
20223722,2023,6,3.66,122,2,99,1,0
20223723,2022,7,2.49,67,3,87,0,1
20223724,2022,5,3.73,67,3,82,1,0
20223725,2023,4,3.62,113,1,91,0,0
20223726,2023,4,3.06,123,0,64,1,0
20223727,2022,4,2.96,64,2,85,0,0
20223728,2022,5,2.54,124,3,98,0,1
20223729,2023,2,1.84,117,0,85,0,1
20223730,2021,6,2.06,125,2,62,1,1
20223731,2022,7,3.31,65,1,83,0,0
20223732,2023,4,2.74,114,4,93,1,0
20223733,2023,8,2.1,110,3,93,1,1
20223734,2023,5,2.33,56,3,79,0,1
20223735,2023,2,3.7,121,2,89,1,0
20223736,2021,6,2.53,46,4,79,1,0
20223737,2023,5,3.62,95,0,77,1,0
20223738,2022,7,2.41,103,1,97,1,0
20223739,2021,7,2.89,59,0,79,0,0
20223740,2023,6,1.84,77,2,65,1,1
20223741,2021,4,2.84,114,3,84,0,1
20223742,2022,7,3.07,97,3,62,1,1
20223743,2023,2,2.27,55,0,78,0,1
20223744,2022,5,2.96,90,1,69,0,1
20223745,2023,2,3.09,66,2,64,1,0
20223746,2023,4,3.17,90,1,81,1,0
20223747,2023,2,3.35,114,2,68,1,0
20223748,2023,2,2.42,55,1,92,1,0
20223749,2023,3,2.94,126,0,74,1,0
20223750,2021,2,3.76,99,4,83,0,1
20223751,2023,6,3.6,115,2,89,0,0
20223752,2023,5,3.71,79,0,95,0,0
20223753,2021,3,2.57,106,3,98,1,0
20223754,2021,5,3.37,41,3,65,1,1
20223755,2021,5,3.04,87,1,74,1,0
20223756,2021,4,1.97,91,3,97,0,1
20223757,2021,4,3.45,63,4,98,1,0
20223758,2021,3,3.15,132,2,81,0,0
20223759,2023,7,2.2,137,1,62,0,1
20223760,2023,8,1.96,123,2,88,1,0
20223761,2022,4,3.47,121,2,88,0,0
20223762,2023,8,1.96,117,0,90,0,1
20223763,2023,4,1.98,121,3,61,0,1
20223764,2021,4,2.65,41,2,94,1,0
20223765,2021,5,2.07,104,4,68,0,1
20223766,2023,3,3.63,59,4,81,1,0
20223767,2022,5,2.74,73,3,78,1,0
20223768,2021,6,2.94,80,3,96,0,1
20223769,2023,5,3.66,80,1,69,1,0
20223770,2023,8,2.86,114,1,80,0,0
20223771,2022,8,2.51,130,1,76,1,0
20223772,2022,6,3.39,62,3,62,1,1
20223773,2021,2,2.69,77,2,66,1,0
20223774,2022,2,2.44,83,0,96,1,0
20223775,2023,6,3.25,106,1,95,1,0
20223776,2023,6,3.4,101,0,62,1,0
20223777,2022,5,3.38,51,4,72,1,1
20223778,2022,6,3.76,69,3,89,0,1
20223779,2022,3,3.37,134,4,82,0,1
20223780,2022,2,3.34,126,1,66,0,1
20223781,2021,2,3.51,104,2,89,1,0
20223782,2022,7,1.8,80,1,88,0,1
20223783,2021,6,2.52,59,0,67,1,0
20223784,2023,4,3.28,45,1,69,1,0
20223785,2022,4,3.0,114,2,92,1,0
20223786,2021,6,2.16,138,2,79,1,0
20223787,2022,3,2.41,43,3,88,1,0
20223788,2023,4,2.47,132,3,88,1,0
20223789,2023,7,2.94,49,2,80,1,0
20223790,2023,8,3.46,90,2,60,1,0
20223791,2022,6,3.66,132,0,93,0,0
20223792,2022,3,3.3,77,1,91,1,0
20223793,2021,3,3.49,40,3,73,0,1
20223794,2023,5,2.74,47,0,96,0,0
20223795,2022,3,2.58,120,1,94,1,0
20223796,2023,4,2.59,122,3,83,0,1
20223797,2023,8,3.03,102,0,60,1,0
20223798,2021,4,2.05,72,4,65,0,1
20223799,2021,6,2.96,54,4,63,1,1
20223800,2021,8,3.13,70,3,97,0,1
20223801,2021,6,2.68,60,0,60,1,0
20223802,2023,3,3.71,42,1,90,0,0
20223803,2021,7,3.02,105,1,95,1,0
20223804,2021,2,2.24,74,0,68,1,1
20223805,2021,8,2.76,80,4,82,0,1
20223806,2021,5,3.15,98,0,90,0,0
20223807,2023,2,2.45,55,4,88,0,1
20223808,2021,3,1.96,95,4,80,0,1
20223809,2023,3,2.97,84,1,62,1,0
20223810,2022,2,3.7,98,3,85,0,1
20223811,2023,5,2.77,89,2,65,0,1
20223812,2023,8,3.61,124,0,79,1,0
20223813,2021,8,3.47,51,4,72,1,1
20223814,2022,2,2.09,131,0,82,1,0
20223815,2022,6,3.22,51,3,74,0,1
20223816,2022,4,2.67,72,3,90,0,1
20223817,2022,7,2.3,123,2,63,0,1
20223818,2023,6,3.17,88,2,70,0,1
20223819,2022,8,3.29,60,4,61,1,1
20223820,2023,4,2.16,99,2,75,0,1
20223821,2023,7,3.63,91,4,90,0,1
20223822,2023,7,3.3,93,1,98,1,0
20223823,2022,7,3.67,78,4,63,1,1
20223824,2021,3,2.43,88,2,87,1,0
20223825,2021,7,3.68,103,0,75,0,0
20223826,2022,5,2.54,139,2,98,0,0
20223827,2021,2,1.91,125,3,84,1,1
20223828,2021,8,3.33,65,2,72,0,1
20223829,2023,5,3.21,110,1,64,0,1
20223830,2023,2,3.0,46,4,89,1,0
20223831,2022,6,2.78,111,3,60,1,1
20223832,2022,6,1.86,101,4,64,1,1
20223833,2021,2,3.05,129,4,73,0,1
20223834,2023,5,2.63,127,2,70,0,1
20223835,2022,2,2.92,63,0,93,0,0
20223836,2022,7,2.66,79,3,88,1,0
20223837,2022,3,3.73,115,1,77,0,0
20223838,2022,8,3.01,86,1,74,0,1
20223839,2022,6,3.3,47,0,84,1,0
20223840,2022,8,3.67,93,0,89,0,0
20223841,2021,3,2.98,48,2,61,0,1
20223842,2023,7,1.82,42,1,99,1,0
20223843,2023,7,1.87,93,3,86,1,1
20223844,2022,6,3.2,60,0,74,1,0
20223845,2023,6,2.36,134,0,91,1,0
20223846,2023,7,2.96,87,0,79,1,0
20223847,2023,4,2.2,86,3,73,0,1
20223848,2022,8,2.34,127,1,86,1,0
20223849,2022,3,2.81,107,3,62,1,1
20223850,2023,8,3.75,123,3,62,1,1
20223851,2023,3,3.03,102,2,72,0,1
20223852,2022,4,3.67,55,0,84,0,0
20223853,2021,5,3.72,113,1,77,1,0
20223854,2023,3,2.22,129,2,60,0,1
20223855,2021,8,2.42,132,2,98,0,0
20223856,2023,2,3.34,44,4,64,0,1
20223857,2021,7,3.53,50,0,61,1,0
20223858,2021,7,2.84,68,1,89,0,1
20223859,2021,4,3.79,118,1,76,0,0
20223860,2022,3,1.82,109,1,88,1,0
20223861,2021,5,2.4,87,0,63,1,0
20223862,2021,3,3.05,54,1,68,0,1
20223863,2021,7,2.74,123,3,80,1,0
20223864,2023,6,2.03,73,3,71,1,1
20223865,2021,2,2.54,99,0,71,1,0
20223866,2023,4,1.85,101,1,63,1,1
20223867,2021,6,3.09,41,4,87,0,1
20223868,2021,8,3.59,119,4,68,1,1
20223869,2022,5,3.57,58,4,99,1,0
20223870,2023,6,3.2,137,3,91,0,1
20223871,2021,8,2.73,88,4,72,1,1
20223872,2023,6,2.82,117,1,93,0,0
20223873,2023,5,2.07,127,1,78,1,0
20223874,2022,6,2.48,67,4,73,0,1
20223875,2022,4,2.18,87,2,64,1,1
20223876,2022,7,3.44,135,4,86,1,0
20223877,2022,3,3.63,76,2,87,0,0
20223878,2022,6,2.87,113,0,85,0,0
20223879,2022,4,3.26,88,0,69,0,1
20223880,2022,3,2.04,87,1,83,0,1
20223881,2022,8,3.02,112,3,76,0,1
20223882,2021,3,3.21,127,1,75,1,0
20223883,2023,8,2.71,139,1,76,0,0
20223884,2022,6,2.29,68,3,60,1,1
20223885,2022,4,3.55,99,1,80,0,0
20223886,2023,7,3.29,68,3,81,0,1
20223887,2021,6,3.6,97,1,64,1,0
20223888,2023,8,3.44,87,0,95,1,0
20223889,2023,5,3.78,62,2,80,1,0
20223890,2022,3,2.18,66,1,68,1,1
20223891,2023,6,1.97,134,2,86,0,1
20223892,2023,8,2.47,46,4,71,1,1
20223893,2022,3,2.06,88,1,77,0,1
20223894,2022,8,2.85,93,0,94,0,0
20223895,2022,4,3.07,107,3,74,0,1
20223896,2022,2,2.96,117,0,89,1,0
20223897,2023,6,2.32,81,2,92,1,0
20223898,2023,7,3.62,113,3,95,1,0
20223899,2021,6,1.84,98,0,99,1,0
20223900,2021,3,2.5,83,0,89,1,0
20223901,2023,4,3.24,137,0,85,1,0
20223902,2021,8,3.33,65,3,80,0,1
20223903,2023,5,2.63,62,0,96,1,0
20223904,2021,7,1.83,112,0,90,0,1
20223905,2022,4,3.04,47,2,76,0,0
20223906,2021,6,1.93,92,0,76,1,0
20223907,2022,5,2.02,53,0,93,1,0
20223908,2022,4,3.1,110,4,83,1,0
20223909,2022,2,2.42,46,3,92,1,0
20223910,2022,7,2.5,48,4,63,0,1
20223911,2021,3,2.77,42,2,68,1,1
20223912,2023,4,3.76,117,4,61,1,1
20223913,2022,4,3.73,56,1,94,0,0
20223914,2021,2,2.63,83,3,97,0,1
20223915,2022,6,2.33,125,0,74,1,1
20223916,2021,8,2.41,85,4,62,0,1
20223917,2021,8,2.34,129,4,90,1,1
20223918,2021,7,2.86,97,0,82,1,0
20223919,2023,7,3.01,67,0,71,0,1
20223920,2021,3,2.78,53,2,67,0,1
20223921,2021,4,2.62,48,4,80,1,0
20223922,2023,5,2.22,65,4,80,1,1
20223923,2023,4,2.77,41,1,91,1,0
20223924,2021,8,2.48,114,1,76,0,0
20223925,2023,3,2.88,120,4,96,0,1
20223926,2022,4,3.15,73,1,83,1,0
20223927,2022,2,3.07,58,4,67,1,1
20223928,2023,8,2.72,78,3,77,0,1
20223929,2023,4,2.91,121,2,70,1,0
20223930,2021,4,2.37,52,1,69,0,1
20223931,2023,8,1.85,44,4,85,1,1
20223932,2021,5,3.05,89,1,65,0,1
20223933,2022,8,2.31,62,2,76,1,0
20223934,2023,2,3.14,127,3,82,1,0
20223935,2021,2,3.29,68,0,96,1,0
20223936,2021,4,3.63,111,0,87,0,0
20223937,2022,7,3.72,65,1,75,1,0
20223938,2023,5,1.82,118,4,71,1,1
20223939,2022,4,3.78,96,2,80,1,0
20223940,2021,8,3.17,40,3,83,1,0
20223941,2021,4,3.09,67,3,87,1,0
20223942,2023,3,1.83,101,3,96,1,1
20223943,2021,3,3.52,86,0,80,0,0
20223944,2023,7,2.09,117,2,92,0,1
20223945,2022,5,3.47,137,0,61,1,1
20223946,2023,6,1.83,98,1,96,1,0
20223947,2023,3,3.09,70,3,78,0,1
20223948,2021,6,2.67,109,2,87,0,0
20223949,2021,2,2.2,88,3,74,1,1
20223950,2023,3,2.02,44,0,60,0,1
20223951,2021,3,2.68,70,0,87,1,0
20223952,2021,5,2.05,76,0,94,1,0
20223953,2021,7,2.77,118,3,91,0,1
20223954,2023,6,3.05,54,2,87,1,0
20223955,2021,8,3.45,91,2,68,1,0
20223956,2023,3,3.16,108,1,83,1,0
20223957,2021,3,1.93,131,3,63,1,1
20223958,2022,5,2.41,136,1,62,0,1
20223959,2021,5,2.38,50,1,81,0,1
20223960,2021,7,3.63,82,1,99,0,0
20223961,2023,6,3.54,109,1,98,1,0
20223962,2023,2,2.54,62,0,84,0,1
20223963,2021,8,1.94,79,1,81,0,1
20223964,2022,7,3.59,102,2,93,0,0
20223965,2021,2,3.58,41,1,79,1,0
20223966,2021,4,3.51,118,0,95,1,0
20223967,2022,3,3.49,126,4,96,1,0
20223968,2023,6,2.76,125,4,98,1,1
20223969,2021,7,2.15,112,4,86,1,1
20223970,2023,3,2.75,86,3,91,0,1
20223971,2023,6,2.79,69,2,88,0,0
20223972,2022,6,2.78,55,0,91,0,0
20223973,2022,6,2.88,98,4,83,1,0
20223974,2023,3,2.32,86,0,62,0,1
20223975,2021,7,2.53,69,0,86,0,0
20223976,2023,8,2.67,48,3,68,1,1
20223977,2021,5,2.06,104,4,99,1,1
20223978,2021,3,2.71,98,1,82,1,0
20223979,2022,6,3.42,103,0,66,1,0
20223980,2021,7,3.46,47,4,76,0,1
20223981,2021,8,2.62,91,0,96,1,0
20223982,2023,4,2.84,57,3,66,1,1
20223983,2022,2,1.87,130,3,89,1,1
20223984,2021,6,3.15,121,1,72,0,1
20223985,2021,4,2.61,135,3,77,0,1
20223986,2022,5,2.69,97,4,90,0,1
20223987,2023,8,3.55,88,3,81,0,1
20223988,2022,8,2.72,71,1,73,0,1
20223989,2022,6,1.84,87,2,77,1,0
20223990,2021,8,2.25,84,0,94,1,0
20223991,2021,4,2.75,93,0,76,1,0
20223992,2023,6,2.65,139,4,78,0,1
20223993,2021,3,3.52,139,1,90,1,0
20223994,2021,7,2.88,124,1,98,0,0
20223995,2022,4,3.18,85,1,95,0,0
20223996,2021,7,2.74,135,0,74,1,0
20223997,2023,3,2.68,70,3,88,1,0
20223998,2022,3,2.69,76,0,99,1,0
20223999,2023,7,2.62,55,0,75,1,0
20224000,2022,4,2.88,85,0,92,0,0
20224001,2021,7,2.3,85,3,84,0,1
20224002,2022,7,3.58,117,2,75,0,0
20224003,2022,2,2.47,127,4,89,1,0
20224004,2021,4,2.1,128,2,93,0,1
20224005,2021,2,1.99,100,2,61,1,1
20224006,2023,6,1.83,85,0,99,0,1
20224007,2023,8,2.65,90,2,97,1,0
20224008,2021,7,2.18,101,0,77,0,1
20224009,2021,6,1.84,74,0,64,1,1
20224010,2021,4,2.84,120,4,99,1,1
20224011,2022,7,3.16,81,1,65,0,1
20224012,2022,8,1.97,84,0,71,1,1
20224013,2022,6,2.72,107,2,71,0,1
20224014,2021,5,3.29,114,4,71,1,1
20224015,2023,3,3.77,86,2,68,0,1
20224016,2021,7,3.13,118,1,81,1,0
20224017,2022,8,2.29,69,3,75,0,1
20224018,2022,3,3.23,63,1,63,0,1
20224019,2021,2,3.0,105,4,62,0,1
20224020,2021,6,2.22,82,1,75,0,1
20224021,2022,2,3.5,73,1,73,1,0
20224022,2022,8,2.65,62,4,97,1,0
20224023,2022,7,3.72,100,4,63,0,1
20224024,2021,3,3.25,134,2,61,0,1
20224025,2022,3,3.09,76,0,69,1,0
20224026,2022,6,3.26,52,3,70,0,1
20224027,2023,7,2.76,136,3,98,0,1
20224028,2021,5,2.81,110,3,85,0,1
20224029,2023,5,3.5,135,1,96,1,0
20224030,2023,6,3.16,46,4,85,0,1
20224031,2022,7,3.59,81,4,63,1,1
20224032,2021,6,3.58,77,4,85,1,0
20224033,2022,7,3.75,91,0,97,1,0
20224034,2021,8,3.2,83,4,87,0,1
20224035,2023,8,2.8,103,4,61,0,1
20224036,2021,2,2.13,52,1,61,0,1
20224037,2022,6,3.21,127,2,75,1,0
20224038,2022,7,2.38,67,3,82,0,1
20224039,2022,5,2.37,135,1,82,0,1
20224040,2021,7,2.28,121,1,72,1,1
20224041,2023,8,3.55,137,1,80,1,0
20224042,2023,7,3.54,137,3,98,1,0
20224043,2021,6,3.06,40,1,84,0,0
20224044,2022,2,2.75,82,2,96,0,0
20224045,2023,2,3.14,81,4,72,0,1
20224046,2022,2,3.01,134,2,74,1,0
20224047,2021,2,2.63,89,4,87,0,1
20224048,2022,8,2.56,99,4,62,1,1
20224049,2023,4,2.57,40,1,82,0,0
20224050,2023,6,2.98,90,1,63,0,1
20224051,2022,3,3.1,55,3,62,0,1
20224052,2021,6,2.7,78,0,98,0,0
20224053,2022,4,3.74,54,2,67,0,1
20224054,2021,2,1.97,72,3,84,1,1
20224055,2022,4,2.49,126,3,71,1,1
20224056,2023,5,2.64,92,2,64,0,1
20224057,2021,5,1.83,137,2,92,0,1
20224058,2021,8,2.53,56,4,84,1,0
20224059,2021,6,2.35,128,0,84,0,1
20224060,2023,6,2.81,45,1,94,1,0
20224061,2022,3,2.47,70,0,74,0,1
20224062,2023,8,3.25,108,0,85,0,0
20224063,2021,3,2.82,79,1,69,1,0
20224064,2022,5,2.06,69,0,83,1,0
20224065,2023,2,3.3,108,3,94,0,1
20224066,2021,4,2.0,115,3,88,1,1
20224067,2021,3,3.48,46,1,97,1,0
20224068,2023,7,3.66,52,1,64,0,1
20224069,2023,3,2.44,43,2,83,0,1
20224070,2023,2,3.65,89,2,78,0,0
20224071,2021,2,3.39,42,0,68,0,1
20224072,2023,6,3.64,51,0,85,1,0
20224073,2021,4,3.13,104,1,84,0,0
20224074,2023,2,2.27,66,0,94,0,1
20224075,2021,8,3.59,89,4,95,1,0
20224076,2021,3,2.17,116,3,73,1,1
20224077,2022,3,2.23,56,0,65,0,1
20224078,2023,5,2.34,111,0,91,0,1
20224079,2023,2,2.41,71,2,85,1,0
20224080,2021,7,2.83,123,4,74,0,1
20224081,2021,6,3.23,90,0,90,1,0
20224082,2021,4,3.65,56,3,96,1,0
20224083,2022,7,1.98,73,0,97,1,0
20224084,2022,6,3.71,74,1,96,0,0
20224085,2021,3,3.64,138,4,78,0,1
20224086,2023,7,1.91,63,0,73,1,1
20224087,2023,6,2.52,93,4,95,0,1
20224088,2022,3,3.43,57,0,96,1,0
20224089,2022,3,3.02,89,3,70,0,1
20224090,2021,3,3.36,85,3,86,0,1
20224091,2023,3,3.24,87,4,61,1,1
20224092,2021,8,2.79,72,2,81,0,0
20224093,2022,3,1.88,126,2,61,0,1
20224094,2023,5,2.97,128,1,79,0,0
20224095,2023,7,1.9,66,2,76,1,0
20224096,2022,6,3.01,40,4,63,0,1
20224097,2021,5,3.4,124,2,73,1,0
20224098,2021,8,2.97,98,1,66,0,1
20224099,2023,5,3.79,49,0,74,0,1
20224100,2022,2,2.71,134,2,89,0,0
20224101,2023,2,3.3,64,4,75,1,0
20224102,2022,2,3.13,123,4,99,1,0
20224103,2021,4,3.78,96,1,61,1,0
20224104,2022,2,3.23,105,1,78,0,1
20224105,2021,6,2.13,54,3,60,0,1
20224106,2022,5,3.71,67,3,90,0,1
20224107,2023,6,3.14,52,3,63,1,1
20224108,2021,7,1.92,53,0,86,0,1
20224109,2023,2,3.12,105,4,84,0,1
20224110,2023,8,3.57,73,3,81,1,1
20224111,2021,4,2.95,138,4,69,0,1
20224112,2021,7,2.51,64,1,92,1,0
20224113,2023,8,3.44,93,0,89,0,0
20224114,2023,4,3.37,118,1,89,0,0
20224115,2023,7,2.89,51,4,75,0,1
20224116,2023,5,2.11,48,3,68,0,1
20224117,2021,6,2.3,70,1,76,0,1
20224118,2021,3,3.28,117,2,94,1,0
20224119,2023,6,3.41,132,0,74,0,1
20224120,2022,2,2.36,92,4,87,0,1
20224121,2022,8,2.54,82,3,79,1,0
20224122,2021,3,1.96,77,1,92,1,0
20224123,2023,4,3.23,81,0,92,1,0
20224124,2023,5,1.81,111,3,95,0,1
20224125,2021,5,1.89,87,1,72,1,1
20224126,2022,4,1.81,106,4,63,1,1
20224127,2022,2,3.09,105,2,82,1,0
20224128,2022,4,2.63,55,2,67,1,0
20224129,2021,7,2.4,122,4,72,0,1
20224130,2022,8,3.63,133,0,83,1,0
20224131,2021,8,2.19,55,4,99,1,1
20224132,2021,2,2.58,70,1,89,0,1
20224133,2023,3,3.68,97,0,89,0,0
20224134,2022,4,2.65,67,2,84,1,0
20224135,2021,2,2.91,43,1,92,0,0
20224136,2022,8,1.96,49,3,68,1,1
20224137,2022,3,3.38,90,3,85,0,1
20224138,2023,4,2.65,57,3,83,0,1
20224139,2022,5,3.4,86,2,92,1,0
20224140,2023,4,2.31,71,4,98,0,1
20224141,2021,6,2.64,69,0,84,0,0
20224142,2022,4,3.37,75,2,74,1,0
20224143,2021,6,3.75,48,1,65,1,0
20224144,2022,3,1.92,75,1,79,0,1
20224145,2021,4,3.42,68,3,75,0,1
20224146,2022,3,2.4,55,0,80,1,0
20224147,2022,3,2.9,131,3,74,0,1
20224148,2022,8,2.38,60,1,98,1,0
20224149,2022,2,3.03,103,1,63,0,1
20224150,2022,3,2.51,105,4,83,0,1
20224151,2022,3,2.47,98,4,62,1,1
20224152,2022,8,1.88,138,4,60,1,1
20224153,2022,8,2.09,67,3,89,0,1
20224154,2022,4,3.63,94,0,72,0,1
20224155,2021,8,3.8,139,4,77,0,1
20224156,2023,4,3.36,70,2,99,0,0
20224157,2022,5,2.37,72,4,70,1,1
20224158,2023,8,2.6,126,3,88,0,1
20224159,2022,2,3.28,99,0,63,0,1
20224160,2022,3,3.74,80,4,84,1,0
20224161,2021,2,2.71,120,0,95,1,0
20224162,2021,6,3.46,85,2,95,1,0
20224163,2023,8,3.75,88,1,99,0,0
20224164,2021,3,3.55,104,0,87,1,0
20224165,2021,2,2.25,81,4,67,1,1
20224166,2023,8,1.82,62,3,80,0,1
20224167,2021,8,2.78,66,3,94,1,0
20224168,2022,5,2.86,128,3,77,1,0
20224169,2023,5,2.2,71,3,84,0,1
20224170,2023,3,2.37,122,0,64,1,1
20224171,2022,6,3.33,127,3,67,0,1
20224172,2021,5,2.74,42,1,82,1,0
20224173,2023,5,2.43,99,2,62,1,0
20224174,2023,6,3.05,115,0,96,1,0
20224175,2022,2,3.11,138,0,90,0,0
20224176,2022,5,3.34,118,3,88,1,0
20224177,2021,4,2.11,56,3,79,1,1
20224178,2023,7,3.28,71,0,62,1,0
20224179,2021,7,3.0,46,3,82,1,0
20224180,2021,5,1.92,122,3,99,0,1
20224181,2022,2,3.35,110,3,80,1,0
20224182,2023,8,2.57,108,3,72,1,1
20224183,2023,2,2.46,97,3,67,1,1
20224184,2023,3,2.7,79,4,64,1,1
20224185,2022,4,2.49,124,4,84,0,1
20224186,2022,2,2.48,87,4,98,0,1
20224187,2022,6,3.42,90,0,96,0,0
20224188,2022,4,2.05,96,2,64,1,1
20224189,2022,7,3.74,110,0,67,0,1
20224190,2023,4,2.91,76,4,63,0,1
20224191,2021,6,2.17,126,0,81,0,1
20224192,2023,5,2.06,114,2,73,1,1
20224193,2021,6,2.98,113,3,78,1,0
20224194,2022,6,3.07,124,1,72,0,1
20224195,2021,5,1.91,94,4,94,1,1
20224196,2023,5,2.29,80,4,63,1,1
20224197,2023,5,3.39,136,2,92,1,0
20224198,2021,5,1.9,59,3,81,0,1
20224199,2022,5,3.51,72,3,60,1,1
20224200,2022,6,3.12,79,1,70,1,0
20224201,2023,3,2.67,138,3,75,0,1
20224202,2021,3,2.49,73,2,63,1,0
20224203,2022,2,1.84,101,3,88,1,1
20224204,2022,3,3.45,139,2,98,0,0
20224205,2023,7,2.09,130,4,97,0,1
20224206,2022,3,2.42,58,4,83,1,0
20224207,2021,6,2.94,82,4,68,1,1
20224208,2023,5,2.29,108,0,67,1,1
20224209,2023,5,2.79,102,4,73,0,1
20224210,2021,8,3.42,132,2,74,0,1
20224211,2023,8,2.74,49,1,81,1,0
20224212,2022,8,3.7,52,3,96,1,0
20224213,2022,6,3.5,132,4,74,1,1
20224214,2021,7,2.47,44,0,65,1,0
20224215,2022,3,2.6,97,0,60,0,1
20224216,2021,6,2.65,98,2,79,1,0
20224217,2021,2,3.05,115,1,95,0,0
20224218,2022,5,2.37,98,4,61,0,1
20224219,2021,8,3.74,116,4,65,0,1
20224220,2022,4,3.02,125,0,61,1,1
20224221,2023,2,2.6,54,2,62,0,1
20224222,2023,8,3.09,116,0,66,0,1
20224223,2021,7,2.59,40,0,79,1,0
20224224,2022,2,3.44,77,1,64,1,0
20224225,2022,6,2.94,92,2,84,0,0
20224226,2023,3,1.88,91,1,97,1,0
20224227,2023,5,2.15,40,2,77,0,1
20224228,2022,7,3.53,50,4,60,1,1
20224229,2021,7,2.93,97,3,84,0,1
20224230,2023,4,3.7,79,3,76,0,1
20224231,2021,2,1.94,125,2,74,1,1
20224232,2021,4,2.39,138,3,64,1,1
20224233,2023,3,2.19,99,0,76,1,0
20224234,2021,8,2.91,83,4,80,0,1
20224235,2021,3,2.57,45,4,82,0,1
20224236,2022,8,2.11,67,3,69,1,1
20224237,2021,4,3.09,70,2,76,0,1
20224238,2022,5,2.87,47,0,60,1,0
20224239,2023,3,2.35,44,2,96,0,1
20224240,2023,4,2.76,93,3,66,0,1
20224241,2022,2,3.29,56,4,71,1,1
20224242,2023,4,2.21,77,4,99,1,1
20224243,2021,4,2.39,48,2,60,0,1
20224244,2021,6,2.49,113,1,79,0,0
20224245,2021,3,3.29,123,2,90,0,0
20224246,2023,5,3.49,117,1,63,0,1
20224247,2021,5,2.55,53,2,85,1,0
20224248,2023,6,2.39,65,1,71,1,1
20224249,2021,8,3.58,132,1,81,1,0
20224250,2022,7,3.8,101,1,60,0,1
20224251,2023,8,3.14,130,1,60,0,1
20224252,2023,5,3.78,64,0,62,0,1
20224253,2021,4,3.12,119,1,71,0,1
20224254,2023,6,3.27,75,1,80,1,0
20224255,2023,2,2.58,137,4,72,1,1
20224256,2022,3,2.67,119,0,72,1,0
20224257,2022,3,2.09,72,1,77,0,1
20224258,2021,3,3.45,42,3,92,1,0
20224259,2022,4,3.66,126,0,65,1,0
20224260,2021,2,3.05,50,4,84,1,0
20224261,2021,6,2.49,97,2,82,1,0
20224262,2021,6,2.11,103,4,83,0,1
20224263,2023,3,2.33,57,4,96,0,1
20224264,2022,2,2.31,86,0,85,1,1
20224265,2021,2,3.03,83,0,63,1,0
20224266,2022,2,3.69,132,3,97,1,1
20224267,2021,5,1.9,98,3,94,1,1
20224268,2022,5,1.8,89,0,70,1,1
20224269,2022,3,3.0,108,0,95,0,0
20224270,2021,2,2.37,127,0,84,1,0
20224271,2023,7,3.56,68,2,79,1,0
20224272,2022,2,2.45,132,4,60,1,1
20224273,2023,6,2.38,129,3,89,0,1
20224274,2023,6,2.34,106,3,63,0,1
20224275,2021,3,2.09,41,1,82,0,1
20224276,2021,7,2.96,64,2,94,0,0
20224277,2021,2,2.14,58,0,81,0,1
20224278,2022,8,2.65,79,0,90,1,0
20224279,2021,7,2.72,41,2,60,1,0
20224280,2021,3,1.84,122,3,63,0,1
20224281,2022,6,1.83,104,0,78,0,1
20224282,2022,8,2.84,101,1,89,0,0
20224283,2021,6,3.19,130,3,60,1,1
20224284,2021,5,3.68,93,4,78,0,1
20224285,2021,3,2.16,84,2,80,0,1
20224286,2021,3,2.01,88,3,81,0,1
20224287,2023,2,1.9,138,4,61,1,1
20224288,2023,2,2.67,108,1,65,0,1
20224289,2021,5,3.05,77,2,80,1,0
20224290,2023,8,3.48,43,0,92,1,0
20224291,2022,4,3.17,56,0,78,1,0
20224292,2023,7,2.22,92,4,86,1,1
20224293,2023,4,2.72,124,3,96,1,0
20224294,2021,4,3.62,92,1,88,0,0
20224295,2023,3,2.45,70,4,87,1,0
20224296,2023,7,2.8,61,1,93,1,0
20224297,2023,3,3.72,50,1,60,1,0
20224298,2023,7,3.27,73,1,84,0,1
20224299,2022,6,3.3,54,2,80,1,0
20224300,2021,3,2.3,49,4,93,1,1
20224301,2021,3,2.63,135,2,85,1,0
20224302,2022,3,1.96,92,3,95,0,1
20224303,2023,8,3.01,87,3,94,1,0
20224304,2022,5,2.01,70,0,82,1,0
20224305,2023,3,3.47,76,0,76,1,0
20224306,2022,2,3.43,67,0,71,1,0
20224307,2021,2,2.87,70,3,79,1,0
20224308,2021,7,2.08,109,1,98,1,0
20224309,2021,6,1.85,53,1,86,1,0
20224310,2023,5,3.39,126,4,96,0,1
20224311,2023,8,3.0,55,3,79,0,1
20224312,2022,7,3.22,64,0,70,0,1
20224313,2022,2,2.41,78,3,87,1,0
20224314,2021,5,2.82,105,1,61,0,1
20224315,2023,5,3.29,77,1,83,1,0
20224316,2022,6,2.73,80,2,75,0,0
20224317,2023,5,3.0,137,2,71,0,1
20224318,2023,3,3.38,79,4,75,1,0
20224319,2021,5,2.23,103,3,95,1,1
20224320,2021,6,1.93,128,2,61,1,1
20224321,2023,7,2.86,139,2,84,1,0
20224322,2023,6,1.92,55,3,88,1,1
20224323,2023,8,3.33,121,1,87,0,0
20224324,2023,6,3.24,116,4,69,1,1
20224325,2021,2,3.56,98,4,82,0,1
20224326,2022,3,3.08,130,4,91,0,1
20224327,2021,2,1.93,137,2,90,1,0
20224328,2022,7,2.31,50,1,78,0,1
20224329,2023,4,3.42,40,4,74,0,1
20224330,2022,7,2.13,52,3,92,1,1
20224331,2021,3,3.2,69,4,76,1,0
20224332,2021,5,3.36,108,0,95,0,0
20224333,2023,6,2.46,57,1,79,0,0
20224334,2021,4,2.44,117,0,68,0,1
20224335,2023,3,2.92,52,1,97,1,0
20224336,2021,2,3.52,71,3,62,1,1
20224337,2021,6,2.25,110,2,61,1,1
20224338,2023,7,3.68,111,2,77,0,0
20224339,2022,2,3.0,89,1,82,1,0
20224340,2021,3,3.78,110,4,78,1,0
20224341,2022,3,1.98,119,0,66,0,1
20224342,2021,7,2.05,70,3,94,0,1
20224343,2021,4,3.45,90,4,79,0,1
20224344,2021,7,3.53,66,2,79,1,0
20224345,2021,5,2.69,99,4,78,1,0
20224346,2022,2,3.23,72,0,75,1,0
20224347,2022,4,3.54,92,2,97,1,0
20224348,2021,6,1.89,132,1,80,1,0
20224349,2021,8,2.95,111,3,88,1,0
20224350,2022,5,3.51,72,3,97,1,0
20224351,2023,4,2.6,80,2,83,0,0
20224352,2023,8,2.4,58,1,96,1,0
20224353,2022,8,3.39,124,0,88,1,0
20224354,2021,2,2.47,80,3,90,0,1
20224355,2021,3,1.81,124,2,98,0,1
20224356,2023,6,3.72,128,3,71,0,1
20224357,2023,7,2.98,81,1,89,0,0
20224358,2022,2,3.44,62,0,63,1,0
20224359,2023,5,3.45,114,1,89,1,0
20224360,2022,8,1.93,72,4,64,0,1
20224361,2023,5,2.14,59,1,75,0,1
20224362,2023,8,2.42,64,1,86,1,0
20224363,2023,3,2.44,129,3,63,0,1
20224364,2021,3,3.12,91,1,67,0,1
20224365,2021,6,3.05,51,2,67,1,0
20224366,2021,7,2.79,71,3,76,0,1
20224367,2023,6,2.22,72,3,62,1,1
20224368,2022,3,2.56,113,4,86,0,1
20224369,2022,3,2.89,107,2,93,1,0
20224370,2022,5,2.74,54,1,80,0,0
20224371,2022,3,2.05,90,4,83,1,1
20224372,2021,4,3.1,45,2,88,1,0
20224373,2021,8,1.95,130,4,98,0,1
20224374,2023,2,2.56,108,0,65,0,1
20224375,2023,3,3.22,108,1,73,0,1
20224376,2022,6,1.84,121,4,73,0,1
20224377,2021,7,2.94,131,0,96,0,0
20224378,2022,8,2.47,74,1,83,1,0
20224379,2023,8,1.82,125,4,72,1,1
20224380,2023,7,2.18,73,4,60,1,1
20224381,2022,7,3.68,102,4,71,1,1
20224382,2023,8,2.84,107,4,83,0,1
20224383,2022,4,3.79,57,3,96,1,0
20224384,2021,6,2.85,65,4,79,1,0
20224385,2022,4,2.89,125,3,65,1,1
20224386,2021,3,2.58,136,3,71,0,1
20224387,2021,2,2.42,100,0,80,0,0
20224388,2023,7,2.3,117,1,62,1,1
20224389,2023,6,2.49,134,3,86,0,1
20224390,2023,7,2.72,113,2,95,1,0
20224391,2022,4,2.18,127,3,76,0,1
20224392,2022,5,2.25,124,2,74,0,1
20224393,2023,3,2.34,87,0,98,0,1
20224394,2022,2,2.7,111,2,63,1,0
20224395,2023,3,3.11,135,0,76,0,1
20224396,2022,5,3.51,70,0,97,1,0
20224397,2021,2,2.37,73,0,70,0,1
20224398,2021,5,2.17,126,2,71,1,1
20224399,2023,3,2.56,128,2,91,1,0
20224400,2022,4,3.59,46,0,86,1,0
20224401,2022,8,1.82,122,0,86,1,0
20224402,2021,3,3.16,46,1,99,1,0
20224403,2021,3,2.75,86,0,88,1,0
20224404,2023,3,2.12,47,4,68,0,1
20224405,2021,6,2.44,117,1,62,1,0
20224406,2023,5,2.25,40,1,98,0,1
20224407,2021,5,3.56,116,1,88,1,0
20224408,2021,7,2.76,42,4,80,1,0
20224409,2022,5,2.93,92,1,94,0,0
20224410,2021,7,2.99,131,1,69,1,0
20224411,2021,6,3.08,77,2,82,0,0
20224412,2023,4,2.79,90,2,98,1,0
20224413,2021,7,1.84,54,0,84,0,1
20224414,2023,3,2.47,139,0,83,0,0
20224415,2021,4,2.17,106,3,79,1,1
20224416,2021,8,3.16,103,4,74,0,1
20224417,2023,6,1.91,107,2,80,0,1
20224418,2022,5,2.93,44,0,71,1,0
20224419,2023,7,2.22,129,4,77,1,1
20224420,2023,3,3.7,128,1,82,1,0
20224421,2023,2,2.47,49,4,88,0,1
20224422,2022,8,2.45,47,2,95,0,0
20224423,2021,2,3.65,51,3,64,0,1
20224424,2023,4,2.63,103,2,98,1,0
20224425,2023,5,3.73,98,0,85,1,0
20224426,2022,2,1.85,106,0,98,0,1
20224427,2023,4,2.41,130,4,70,1,1
20224428,2021,6,3.13,89,2,70,1,0
20224429,2022,4,3.58,62,0,77,1,0
20224430,2021,8,2.31,79,1,71,1,1
20224431,2021,4,3.66,136,1,75,1,0
20224432,2022,8,2.99,117,3,86,0,1
20224433,2023,4,3.4,126,4,95,0,1
20224434,2021,3,2.59,134,0,76,1,0
20224435,2021,4,2.22,116,3,80,1,1
20224436,2021,7,3.62,115,1,96,0,0
20224437,2021,4,3.67,138,3,90,0,1
20224438,2022,3,2.8,57,3,94,0,1
20224439,2022,3,1.81,60,0,86,0,1
20224440,2021,6,2.02,40,0,82,0,1
20224441,2023,8,2.95,77,0,91,1,0
20224442,2021,5,1.85,80,4,76,0,1
20224443,2023,2,2.59,81,3,70,0,1
20224444,2021,2,2.41,48,3,60,0,1
20224445,2023,4,3.23,62,4,87,0,1
20224446,2021,6,1.91,117,1,77,1,0
20224447,2023,4,2.78,50,2,79,1,0
20224448,2021,2,2.96,110,1,66,0,1
20224449,2021,8,3.03,70,4,96,0,1
20224450,2023,8,2.61,127,3,75,1,0
20224451,2022,8,2.41,65,3,98,0,1
20224452,2023,3,3.16,69,0,82,0,0
20224453,2022,5,3.5,73,0,91,1,0
20224454,2021,6,3.19,85,3,76,1,0
20224455,2023,3,3.66,108,3,78,0,1
20224456,2023,5,3.23,44,0,93,0,0
20224457,2023,6,3.33,100,0,73,1,0
20224458,2022,6,2.14,122,1,62,1,1
20224459,2022,2,2.64,77,3,98,1,0
20224460,2021,3,2.77,67,3,84,0,1
20224461,2022,6,2.31,65,4,70,0,1
20224462,2022,7,2.86,100,1,74,0,1
20224463,2021,8,2.38,62,2,78,1,0
20224464,2023,6,3.18,85,2,74,0,1
20224465,2023,5,2.74,69,2,74,1,0
20224466,2021,2,2.72,106,0,97,0,0
20224467,2023,4,3.77,131,2,74,1,0
20224468,2022,8,2.58,72,4,68,0,1
20224469,2021,2,2.52,42,0,64,1,0
20224470,2021,4,2.44,108,0,78,1,0
20224471,2021,3,3.59,122,2,83,1,0
20224472,2023,3,2.79,81,0,88,1,0
20224473,2021,6,3.0,101,1,64,0,1
20224474,2021,7,2.16,97,1,81,1,0
20224475,2021,3,2.88,96,2,72,0,1
20224476,2023,6,2.35,40,4,88,0,1
20224477,2022,8,3.26,112,0,75,1,0
20224478,2021,2,3.47,99,3,95,1,0
20224479,2022,3,3.23,108,2,76,0,0
20224480,2023,2,3.26,98,0,79,0,0
20224481,2023,2,2.82,85,2,73,0,1
20224482,2023,7,3.22,73,2,65,0,1
20224483,2023,3,2.65,136,4,81,0,1
20224484,2022,2,3.1,64,3,99,0,1
20224485,2021,7,2.32,81,0,68,0,1
20224486,2023,7,1.94,68,2,91,1,0
20224487,2023,3,2.63,64,2,83,0,0
20224488,2022,7,2.72,93,0,92,0,0
20224489,2022,3,2.31,112,2,72,1,1
20224490,2023,3,3.26,106,2,94,0,0
20224491,2021,4,1.95,54,2,65,0,1
20224492,2021,2,2.25,43,1,99,1,0
20224493,2023,5,3.3,77,1,89,0,0
20224494,2022,3,2.67,59,3,97,0,1
20224495,2023,2,3.21,62,4,75,1,0
20224496,2023,8,2.93,76,0,60,1,1
20224497,2022,7,3.7,101,4,77,0,1
20224498,2023,6,3.0,47,4,81,1,0
20224499,2023,3,1.83,76,1,85,1,0
20224500,2023,7,2.51,84,3,73,0,1
20224501,2022,7,2.09,136,4,96,1,1
20224502,2021,7,3.65,72,4,73,1,1
20224503,2021,7,2.01,46,2,85,0,1
20224504,2022,7,2.58,61,0,95,0,1
20224505,2021,3,2.25,44,3,82,1,1
20224506,2023,8,3.49,54,0,61,1,0
20224507,2021,5,2.42,60,1,98,0,0
20224508,2023,4,3.78,128,4,66,0,1
20224509,2021,7,1.88,56,4,98,1,1
20224510,2022,7,2.06,95,0,81,0,1
20224511,2021,4,2.25,89,1,87,0,1
20224512,2021,8,3.42,46,2,97,1,0
20224513,2021,8,3.56,89,2,79,1,0
20224514,2022,3,1.94,99,4,77,0,1
20224515,2021,2,1.86,122,4,83,0,1
20224516,2022,6,3.29,46,3,92,1,0
20224517,2023,6,2.07,79,0,85,0,1
20224518,2021,2,2.07,84,4,78,1,1
20224519,2022,3,1.84,98,1,72,0,1
20224520,2022,6,1.9,127,0,69,0,1
20224521,2021,8,2.33,114,3,73,0,1
20224522,2023,4,1.93,94,2,68,1,1
20224523,2022,2,2.54,103,3,70,1,1
20224524,2021,8,3.47,104,0,62,0,1
20224525,2023,5,2.45,93,2,99,0,0
20224526,2022,3,3.26,135,1,71,1,0
20224527,2022,2,1.99,79,2,94,1,0
20224528,2023,6,3.12,92,2,98,0,0
20224529,2023,3,2.43,83,1,98,1,0
20224530,2021,4,3.3,102,4,91,1,1
20224531,2021,3,2.07,41,4,98,0,1
20224532,2022,3,3.6,118,2,73,0,1
20224533,2023,4,2.29,60,2,60,1,1
20224534,2023,7,2.51,127,3,86,1,0
20224535,2023,4,3.7,89,4,96,0,1
20224536,2022,8,2.96,120,1,60,1,0
20224537,2023,3,2.53,91,2,88,0,0
20224538,2023,4,3.7,48,2,83,0,0
20224539,2022,7,2.46,138,3,76,1,0
20224540,2021,8,1.99,59,3,94,0,1
20224541,2021,2,3.79,122,3,90,0,1
20224542,2022,4,2.34,57,0,91,0,1
20224543,2023,4,3.5,123,1,78,0,1
20224544,2022,3,2.13,69,0,90,0,1
20224545,2021,8,3.26,104,2,98,1,0
20224546,2021,2,2.85,63,3,79,0,1
20224547,2022,5,3.76,127,3,87,0,1
20224548,2022,5,2.91,86,3,62,0,1
20224549,2021,6,1.85,122,4,91,1,1
20224550,2022,4,3.01,133,1,81,0,0
20224551,2021,4,2.09,129,0,74,0,1
20224552,2022,2,3.4,83,1,97,0,0
20224553,2022,7,3.51,68,3,78,0,1
20224554,2022,5,2.76,116,2,90,1,0
20224555,2021,6,3.37,107,4,85,1,0
20224556,2022,2,2.09,56,1,64,0,1
20224557,2021,4,2.78,136,2,79,1,0
20224558,2021,5,2.59,44,3,61,1,1
20224559,2022,8,3.02,131,3,80,1,0
20224560,2022,6,1.89,127,3,95,0,1
20224561,2021,3,3.3,120,3,87,0,1
20224562,2021,5,1.96,89,4,79,0,1
20224563,2023,6,3.11,79,4,96,0,1
20224564,2021,2,1.84,85,1,98,0,1
20224565,2023,3,3.46,90,3,95,0,1
20224566,2023,6,2.15,50,4,70,1,1
20224567,2023,6,2.83,51,2,62,1,0
20224568,2022,4,2.32,52,4,96,1,1
20224569,2022,7,3.25,103,4,79,1,0
20224570,2021,5,2.44,47,1,91,1,0
20224571,2023,4,3.25,104,4,84,0,1
20224572,2022,8,2.37,48,2,80,0,1
20224573,2022,3,3.3,131,3,75,1,0
20224574,2022,7,1.86,41,0,60,0,1
20224575,2022,6,2.37,117,1,82,0,1
20224576,2022,4,2.8,52,2,83,0,1
20224577,2023,7,1.89,41,1,84,0,1
20224578,2023,8,2.17,107,3,66,0,1
20224579,2023,5,3.67,115,4,97,1,0
20224580,2023,8,3.75,87,4,98,1,0
20224581,2021,3,3.28,113,2,94,1,0
20224582,2023,2,2.3,42,3,73,0,1
20224583,2022,4,2.32,107,0,68,0,1
20224584,2023,3,3.09,45,0,62,0,1
20224585,2021,2,2.04,126,4,97,0,1
20224586,2022,4,3.7,44,3,79,1,0
20224587,2023,3,2.25,42,3,92,0,1
20224588,2023,8,3.8,49,2,91,1,0
20224589,2023,3,2.79,82,0,95,1,0
20224590,2022,7,3.34,58,2,85,1,0
20224591,2022,8,1.8,53,1,64,1,1
20224592,2021,4,3.58,60,3,89,0,1
20224593,2022,3,2.34,82,0,76,0,1
20224594,2022,6,3.14,67,2,65,1,0
20224595,2023,4,3.41,60,4,74,0,1
20224596,2022,3,2.13,75,1,60,0,1
20224597,2023,7,2.69,63,2,72,0,1
20224598,2023,2,2.79,93,4,93,1,0
20224599,2022,2,2.42,77,0,89,1,0
20224600,2021,6,2.76,56,0,78,1,0
20224601,2021,4,2.44,61,1,61,1,0
20224602,2022,7,2.52,122,4,71,1,1
20224603,2021,3,3.14,84,3,99,1,0
20224604,2023,3,3.07,113,0,83,1,0
20224605,2023,2,2.26,100,3,70,0,1
20224606,2022,7,3.59,50,3,61,1,1
20224607,2021,8,3.53,100,2,60,0,1
20224608,2021,6,2.82,77,2,87,1,0
20224609,2023,2,2.67,105,0,63,0,1
20224610,2022,2,2.55,72,3,89,0,1
20224611,2021,6,3.21,82,2,66,0,1
20224612,2022,4,3.14,70,4,81,0,1
20224613,2021,3,2.19,74,4,85,1,1
20224614,2023,4,3.14,76,4,88,1,0
20224615,2023,7,2.3,86,4,84,1,1
20224616,2022,8,1.84,139,3,69,1,1
20224617,2023,5,3.2,62,4,79,1,0
20224618,2021,5,3.09,75,3,73,1,1
20224619,2023,5,2.62,79,0,92,1,0
20224620,2022,6,2.85,129,0,64,1,0
20224621,2022,2,3.69,128,4,65,1,1
20224622,2022,8,2.99,120,4,81,1,0
20224623,2021,4,3.12,54,4,76,1,0
20224624,2021,3,1.93,76,0,74,0,1
20224625,2021,5,2.13,43,2,98,0,1
20224626,2021,4,2.4,61,0,99,0,0
20224627,2021,5,2.88,120,4,87,0,1
20224628,2023,8,3.35,61,2,61,0,1
20224629,2021,5,2.44,120,2,77,1,0
20224630,2021,3,2.51,117,1,86,1,0
20224631,2023,7,2.31,117,3,80,0,1
20224632,2021,7,2.31,56,4,82,1,1
20224633,2022,8,3.7,111,3,66,0,1
20224634,2021,7,3.07,137,1,78,1,0
20224635,2021,6,2.11,129,3,68,1,1
20224636,2022,2,3.24,133,4,71,0,1
20224637,2022,6,3.24,125,1,89,0,0
20224638,2022,4,3.13,119,3,66,0,1
20224639,2022,6,2.07,133,0,61,1,1
20224640,2021,4,2.62,119,2,76,0,0
20224641,2022,4,2.01,77,1,70,1,1
20224642,2022,2,3.43,63,0,71,1,0
20224643,2023,3,3.11,139,4,62,1,1
20224644,2022,8,2.81,138,2,80,1,0
20224645,2022,2,2.49,45,1,73,0,1
20224646,2023,8,2.17,107,2,74,0,1
20224647,2023,7,2.01,121,1,69,0,1
20224648,2021,7,3.74,45,1,95,0,0
20224649,2023,6,2.2,65,3,69,1,1
20224650,2021,4,1.92,130,2,76,0,1
20224651,2023,5,3.72,80,2,84,0,0
20224652,2023,5,2.9,114,0,86,0,0
20224653,2021,8,3.39,77,4,92,0,1
20224654,2023,4,1.89,119,0,70,1,1
20224655,2021,8,2.93,122,3,72,1,1
20224656,2023,2,2.6,82,1,60,1,0
20224657,2022,3,3.34,92,3,90,1,0
20224658,2023,2,1.88,54,3,92,0,1
20224659,2021,4,2.6,129,0,80,1,0
20224660,2023,4,3.4,95,1,75,0,0
20224661,2021,3,2.85,95,4,98,0,1
20224662,2021,8,2.9,70,3,82,0,1
20224663,2022,6,1.99,122,4,69,0,1
20224664,2022,6,2.06,96,1,92,1,0
20224665,2021,3,3.15,90,1,81,1,0
20224666,2023,6,3.15,63,0,65,0,1
20224667,2021,5,3.76,97,2,95,1,0
20224668,2021,6,3.22,112,0,69,1,0
20224669,2023,6,2.79,126,4,75,0,1
20224670,2023,6,3.51,43,0,72,0,1
20224671,2023,5,2.01,49,1,79,1,0
20224672,2023,8,2.7,102,3,63,0,1
20224673,2021,6,2.37,112,2,79,1,0
20224674,2021,7,2.01,122,1,81,0,1
20224675,2022,5,3.33,54,3,88,0,1
20224676,2021,3,2.82,137,4,75,0,1
20224677,2023,2,2.91,102,4,82,0,1
20224678,2022,3,2.62,58,4,89,1,0
20224679,2023,2,2.72,102,0,89,1,0
20224680,2021,3,2.03,95,4,62,1,1
20224681,2022,7,3.15,60,4,83,1,0
20224682,2023,2,2.66,73,0,96,0,0
20224683,2022,2,3.43,56,3,72,0,1
20224684,2022,4,2.19,57,1,91,1,0
20224685,2021,2,2.21,120,2,96,1,0
20224686,2023,2,3.09,105,4,71,1,1
20224687,2022,4,3.49,90,4,67,1,1
20224688,2022,6,2.74,104,4,83,1,0
20224689,2023,6,3.25,82,0,75,0,0
20224690,2022,4,3.8,96,0,91,1,0
20224691,2022,5,3.78,49,0,93,1,0
20224692,2022,2,3.29,76,2,94,0,0
20224693,2023,2,3.28,87,1,91,0,0
20224694,2023,4,2.3,108,4,76,1,1
20224695,2023,4,3.47,95,3,61,1,1
20224696,2023,5,2.61,115,4,85,1,0
20224697,2021,7,3.72,75,4,76,0,1
20224698,2022,6,1.96,70,4,97,1,1
20224699,2023,3,2.67,94,4,61,1,1
20224700,2022,7,2.91,77,1,67,0,1
20224701,2022,8,2.61,112,3,65,0,1
20224702,2021,6,2.22,129,0,68,0,1
20224703,2023,2,2.99,54,3,60,0,1
20224704,2023,8,3.31,55,4,64,1,1
20224705,2022,7,3.09,116,3,98,0,1
20224706,2023,4,2.27,128,4,68,0,1
20224707,2022,5,3.26,133,3,73,0,1
20224708,2022,6,2.31,92,2,86,1,0
20224709,2021,5,2.15,95,3,68,0,1
20224710,2021,8,3.18,46,0,95,1,0
20224711,2021,6,3.49,96,0,88,0,0
20224712,2022,7,2.76,94,3,79,1,1
20224713,2023,2,2.86,91,3,74,1,1
20224714,2021,3,2.41,43,1,95,1,0
20224715,2023,5,2.79,82,3,62,0,1
20224716,2021,5,2.06,79,0,82,1,0
20224717,2021,3,3.71,69,2,68,0,1
20224718,2022,5,3.4,49,0,89,0,0
20224719,2021,5,3.14,133,1,78,1,0
20224720,2021,6,2.88,46,3,97,0,1
20224721,2022,6,3.38,75,2,62,1,1
20224722,2023,3,2.79,74,0,62,0,1
20224723,2021,8,2.4,127,2,93,1,0
20224724,2022,2,2.12,78,4,61,0,1
20224725,2021,7,3.1,75,0,86,1,0
20224726,2022,7,3.66,59,4,82,0,1
20224727,2023,8,2.11,88,2,91,0,1
20224728,2023,5,2.16,135,3,94,1,1
20224729,2022,2,2.67,98,3,99,0,1
20224730,2022,3,3.41,88,3,77,0,1
20224731,2022,8,2.39,129,4,86,1,1
20224732,2023,3,2.31,65,3,70,1,1
20224733,2021,6,3.04,75,1,98,1,0
20224734,2023,5,2.87,82,0,78,1,0
20224735,2022,4,1.92,138,0,84,1,1
20224736,2022,3,1.96,82,2,66,0,1
20224737,2023,8,3.09,138,4,90,1,0
20224738,2022,5,2.73,115,0,61,0,1
20224739,2023,2,3.74,72,4,97,0,1
20224740,2022,8,3.16,139,2,64,0,1
20224741,2021,6,1.82,117,3,73,0,1
20224742,2021,7,2.76,136,2,77,0,0
20224743,2022,2,2.63,84,1,95,1,0
20224744,2023,3,2.01,84,3,63,1,1
20224745,2021,3,3.65,127,3,83,1,0
20224746,2023,2,3.41,54,3,72,1,1
20224747,2022,3,2.26,134,2,80,1,0
20224748,2023,8,2.31,56,1,92,1,0
20224749,2021,5,1.86,51,4,79,0,1
20224750,2023,3,2.39,61,2,64,1,1
20224751,2023,6,2.97,62,0,83,1,0
20224752,2022,5,2.64,129,0,94,1,0
20224753,2022,8,3.74,117,2,89,1,0
20224754,2022,4,1.91,51,4,87,1,1
20224755,2021,3,2.98,107,0,66,0,1
20224756,2021,3,3.52,90,4,94,0,1
20224757,2022,6,2.76,52,3,89,0,1
20224758,2022,8,1.81,96,2,93,1,0
20224759,2021,6,2.29,94,3,98,1,1
20224760,2021,7,2.45,121,0,68,1,0
20224761,2021,8,3.73,67,4,71,0,1
20224762,2021,2,3.62,83,3,88,0,1
20224763,2022,2,3.7,58,0,69,1,0
20224764,2021,2,3.45,85,1,86,1,0
20224765,2022,6,2.5,42,3,78,0,1
20224766,2023,2,3.61,122,1,72,0,1
20224767,2023,8,3.76,59,1,96,0,0
20224768,2021,2,2.5,64,0,91,1,0
20224769,2023,4,2.32,114,2,74,0,1
20224770,2023,2,2.89,95,4,80,1,0
20224771,2023,3,2.17,120,0,62,1,1
20224772,2021,7,1.87,100,3,67,1,1
20224773,2021,6,3.69,94,4,65,0,1
20224774,2023,5,3.65,74,2,88,0,0
20224775,2022,7,2.13,117,0,78,0,1
20224776,2023,4,2.62,98,2,76,0,1
20224777,2021,6,3.46,78,3,69,1,1
20224778,2021,8,3.12,96,0,92,1,0
20224779,2021,6,2.59,122,3,72,1,1
20224780,2023,3,3.29,106,4,86,1,0
20224781,2022,8,3.59,73,4,71,0,1
20224782,2021,7,3.65,80,2,61,1,1
20224783,2021,7,2.56,61,2,69,0,1
20224784,2023,2,2.15,66,4,80,1,1
20224785,2022,8,3.63,60,1,82,0,0
20224786,2023,3,1.99,80,4,60,1,1
20224787,2021,2,3.24,70,0,92,1,0
20224788,2022,2,2.08,66,3,85,0,1
20224789,2022,6,2.58,76,4,74,1,1
20224790,2021,7,2.62,105,4,81,0,1
20224791,2022,2,2.12,93,3,84,1,1
20224792,2022,4,3.65,48,3,60,0,1
20224793,2023,4,1.81,122,0,85,0,1
20224794,2021,7,3.59,81,3,80,0,1
20224795,2021,4,3.57,75,2,83,0,0
20224796,2021,6,2.43,49,4,98,1,0
20224797,2021,3,3.21,98,3,75,0,1
20224798,2021,5,2.31,79,0,91,0,1
20224799,2022,2,3.32,93,3,75,0,1
20224800,2023,5,2.92,78,4,72,0,1
20224801,2021,3,2.4,46,1,91,1,0
20224802,2023,3,2.6,43,3,83,0,1
20224803,2023,6,3.18,54,2,72,1,0
20224804,2022,4,3.61,115,4,70,1,1
20224805,2021,4,2.06,87,0,74,0,1
20224806,2022,3,2.94,45,4,69,0,1
20224807,2021,6,2.31,112,1,62,0,1
20224808,2022,6,3.4,74,0,75,0,1
20224809,2023,7,1.94,111,1,76,1,1
20224810,2021,8,3.18,110,1,84,1,0
20224811,2023,2,2.15,107,2,89,0,1
20224812,2023,8,2.99,97,3,94,0,1
20224813,2022,4,3.47,116,2,96,1,0
20224814,2021,3,3.31,58,2,72,1,0
20224815,2023,7,3.31,101,2,83,0,0
20224816,2022,5,2.84,110,0,97,0,0
20224817,2021,4,3.58,49,3,85,0,1
20224818,2021,2,2.98,64,3,68,0,1
20224819,2023,6,3.64,83,0,78,0,0
20224820,2021,3,2.89,138,2,87,0,0
20224821,2023,4,2.81,97,2,66,1,0
20224822,2021,5,2.24,64,1,81,1,0
20224823,2022,2,2.89,132,1,89,1,0
20224824,2023,2,2.08,115,4,96,1,1
20224825,2023,7,3.54,79,1,75,0,0
20224826,2021,4,3.15,115,3,95,0,1
20224827,2021,5,3.79,109,0,64,1,0
20224828,2023,2,1.98,49,2,88,0,1
20224829,2021,3,2.28,105,4,82,0,1
20224830,2022,2,3.55,64,1,65,0,1
20224831,2021,5,2.59,110,4,95,1,1
20224832,2022,6,2.73,126,0,92,1,0
20224833,2022,6,3.52,50,0,75,1,0
20224834,2022,7,2.84,75,4,93,1,0
20224835,2022,4,2.19,88,4,85,1,1
20224836,2022,5,3.58,87,4,96,1,0
20224837,2021,7,1.86,126,2,72,1,1
20224838,2022,8,3.59,46,3,76,0,1
20224839,2021,2,1.9,130,1,91,1,0
20224840,2022,8,3.13,116,1,91,0,0
20224841,2023,2,1.94,90,1,87,0,1
20224842,2022,6,3.21,56,4,88,1,0
20224843,2023,7,1.87,71,4,84,0,1
20224844,2022,6,3.48,65,4,81,0,1
20224845,2022,3,2.73,61,2,86,1,0
20224846,2022,8,1.99,52,2,97,0,1
20224847,2023,8,3.21,51,2,79,1,0
20224848,2023,6,2.78,110,2,83,0,0
20224849,2022,3,2.18,40,0,67,0,1
20224850,2021,2,1.83,72,2,73,0,1
20224851,2022,7,2.64,53,2,98,0,0
20224852,2023,3,1.97,103,2,73,1,1
20224853,2022,7,1.99,82,1,64,1,1
20224854,2023,8,2.33,97,1,80,1,0
20224855,2023,7,3.06,80,1,74,0,1
20224856,2023,8,2.86,120,3,95,0,1
20224857,2022,3,1.94,107,0,92,0,1
20224858,2023,8,3.74,78,4,76,0,1
20224859,2023,4,3.57,40,2,79,1,0
20224860,2022,8,2.32,80,1,60,0,1
20224861,2023,6,2.04,84,0,75,1,0
20224862,2022,3,3.68,127,2,77,0,0
20224863,2023,2,2.72,137,3,69,0,1
20224864,2021,7,2.42,137,4,82,1,0
20224865,2021,5,2.78,127,2,77,1,0
20224866,2023,3,3.35,118,4,68,1,1
20224867,2021,6,2.14,120,2,89,1,0
20224868,2022,8,3.33,52,3,72,0,1
20224869,2021,7,3.3,110,0,90,1,0
20224870,2023,4,2.88,48,4,72,1,1
20224871,2023,2,3.53,102,4,91,0,1
20224872,2022,4,2.06,138,0,76,0,1
20224873,2023,5,2.99,62,4,62,0,1
20224874,2022,3,2.7,93,1,60,0,1
20224875,2021,7,2.64,86,0,64,1,0
20224876,2021,3,2.31,78,3,91,1,1
20224877,2022,6,2.54,126,2,84,0,0
20224878,2022,3,2.02,65,2,64,1,1
20224879,2023,2,2.3,40,0,96,1,0
20224880,2021,5,2.34,53,1,82,0,1
20224881,2022,4,3.24,135,3,71,1,1
20224882,2021,5,1.9,113,2,93,1,0
20224883,2022,7,3.1,104,2,82,0,0
20224884,2021,3,2.24,108,1,75,1,0
20224885,2023,7,1.96,106,4,64,1,1
20224886,2021,4,2.4,88,0,87,0,1
20224887,2021,7,2.25,89,1,65,1,1
20224888,2021,6,2.9,97,1,72,0,1
20224889,2021,5,2.51,92,1,89,0,0
20224890,2021,4,3.73,130,1,85,0,0
20224891,2023,4,3.73,96,4,76,0,1
20224892,2022,8,2.69,125,3,68,0,1
20224893,2021,4,3.39,57,1,75,0,1
20224894,2023,8,1.83,55,1,77,1,0
20224895,2021,2,2.9,41,0,72,0,1
20224896,2021,8,3.29,52,2,88,1,0
20224897,2022,5,2.23,84,4,83,0,1
20224898,2021,7,1.92,119,1,72,0,1
20224899,2023,8,2.11,111,3,84,0,1
20224900,2023,4,2.68,82,3,60,1,1
20224901,2022,5,2.81,111,3,68,1,1
20224902,2021,8,2.56,93,0,63,0,1
20224903,2023,8,2.68,113,3,87,1,0
20224904,2021,4,2.74,136,0,71,0,1
20224905,2021,6,3.34,70,4,83,0,1
20224906,2021,6,2.01,115,3,68,1,1
20224907,2022,8,3.34,48,2,94,0,0
20224908,2021,6,3.18,112,1,97,0,0
20224909,2023,3,3.28,87,4,94,1,0
20224910,2021,4,3.27,57,2,92,0,0
20224911,2023,3,2.74,133,4,94,0,1
20224912,2021,5,2.22,135,3,79,1,1
20224913,2023,3,2.87,126,4,61,1,1
20224914,2023,5,3.72,50,4,85,0,1
20224915,2021,8,2.98,101,4,72,0,1
20224916,2021,5,1.82,123,0,89,1,1
20224917,2023,5,1.92,58,2,91,1,0
20224918,2022,7,3.79,139,3,95,0,1
20224919,2021,3,1.94,129,1,78,1,0
20224920,2022,7,1.89,113,3,81,1,1
20224921,2021,8,2.51,63,3,60,1,1
20224922,2021,4,3.74,52,0,70,0,1
20224923,2021,3,2.44,85,0,85,0,0
20224924,2021,4,2.62,92,4,78,0,1
20224925,2022,4,3.07,137,3,78,0,1
20224926,2021,5,1.85,68,2,71,0,1
20224927,2023,3,3.6,75,0,62,1,0
20224928,2023,4,2.84,110,0,77,1,0
20224929,2022,6,2.73,133,2,64,1,0
20224930,2021,4,3.52,56,0,83,0,0
20224931,2023,6,3.71,87,2,73,0,1
20224932,2022,3,2.65,116,1,97,1,0
20224933,2021,8,2.14,63,2,62,1,1
20224934,2023,7,3.43,93,1,65,1,0
20224935,2023,3,2.61,134,4,71,1,1
20224936,2022,7,3.67,130,4,70,0,1
20224937,2021,7,3.7,124,0,98,0,1
20224938,2021,3,2.03,40,2,85,1,0
20224939,2023,4,3.71,118,0,60,0,1
20224940,2023,2,2.54,106,2,75,0,0
20224941,2023,4,3.09,45,0,68,0,1
20224942,2021,4,1.87,117,4,64,0,1
20224943,2022,8,3.58,94,4,67,1,1
20224944,2022,5,3.08,77,0,80,1,0
20224945,2021,5,3.09,72,2,92,0,0
20224946,2022,4,3.6,47,3,98,1,0
20224947,2023,6,2.82,129,2,79,0,0
20224948,2022,8,2.62,118,0,81,1,0
20224949,2022,7,3.53,117,2,72,1,1
20224950,2022,5,3.28,59,1,98,1,0
20224951,2023,4,3.7,94,2,70,1,0
20224952,2021,8,3.68,87,4,77,1,0
20224953,2023,2,2.56,122,4,89,1,0
20224954,2021,6,2.69,95,1,92,1,0
20224955,2021,3,2.31,136,2,62,0,1
20224956,2021,4,3.12,139,3,60,1,1
20224957,2022,8,2.53,127,2,95,0,0
20224958,2022,4,3.37,49,4,65,1,1
20224959,2021,7,2.04,91,4,96,1,1
20224960,2021,6,2.03,89,0,88,1,0
20224961,2022,5,2.21,73,4,70,0,1
20224962,2023,5,1.97,75,0,72,0,1
20224963,2021,5,3.04,100,4,70,0,1
20224964,2023,3,2.09,139,4,97,0,1
20224965,2022,8,2.12,55,3,84,0,1
20224966,2021,6,1.83,118,0,74,1,1
20224967,2023,6,3.36,57,0,72,0,1
20224968,2023,5,3.42,110,4,92,0,1
20224969,2023,5,2.12,86,0,72,0,1
20224970,2022,7,3.28,125,4,97,1,0
20224971,2022,2,2.67,71,4,83,1,0
20224972,2023,2,2.28,82,2,79,1,1
20224973,2023,4,3.04,122,0,76,0,0
20224974,2022,4,2.16,79,1,83,1,0
20224975,2023,6,3.31,104,0,85,0,0
20224976,2023,6,1.9,74,0,99,1,0
20224977,2022,3,3.72,108,3,91,1,0
20224978,2023,3,1.94,89,1,88,1,0
20224979,2023,2,2.96,51,1,73,1,0
20224980,2023,4,3.6,115,3,96,1,0
20224981,2022,2,1.82,124,3,81,0,1
20224982,2023,2,2.8,97,0,93,0,0
20224983,2022,4,2.5,122,2,86,1,0
20224984,2022,8,2.96,102,3,87,0,1
20224985,2021,3,2.25,112,1,81,1,0
20224986,2021,7,1.93,88,1,62,1,1
20224987,2023,7,3.05,75,0,81,1,0
20224988,2022,7,2.63,93,2,80,1,0
20224989,2021,4,3.04,86,4,75,1,0
20224990,2023,5,2.22,71,3,68,1,1
20224991,2021,5,2.48,138,3,72,1,1
20224992,2021,5,2.92,134,0,69,0,1
20224993,2022,6,2.99,92,2,80,0,0
20224994,2022,3,2.54,71,1,99,1,0
20224995,2021,3,2.36,101,1,66,0,1
20224996,2021,8,2.35,76,4,81,1,1
20224997,2022,8,2.15,135,1,77,0,1
20224998,2023,6,2.45,77,3,80,0,1
20224999,2022,2,2.2,69,4,73,1,1
20225000,2021,8,3.07,97,2,69,1,0
